[
{
  "model": "admin.logentry",
  "pk": 1,
  "fields": {
    "action_time": "2024-11-02T11:28:19.200Z",
    "user": 1,
    "content_type": 4,
    "object_id": "2",
    "object_repr": "owner1",
    "action_flag": 1,
    "change_message": "[{\"added\": {}}]"
  }
},
{
  "model": "admin.logentry",
  "pk": 2,
  "fields": {
    "action_time": "2024-11-02T11:28:38.407Z",
    "user": 1,
    "content_type": 4,
    "object_id": "3",
    "object_repr": "owner2",
    "action_flag": 1,
    "change_message": "[{\"added\": {}}]"
  }
},
{
  "model": "admin.logentry",
  "pk": 3,
  "fields": {
    "action_time": "2024-11-02T11:28:46.237Z",
    "user": 1,
    "content_type": 7,
    "object_id": "1",
    "object_repr": "Wendy's",
    "action_flag": 1,
    "change_message": "[{\"added\": {}}]"
  }
},
{
  "model": "admin.logentry",
  "pk": 4,
  "fields": {
    "action_time": "2024-11-02T11:28:57.752Z",
    "user": 1,
    "content_type": 7,
    "object_id": "2",
    "object_repr": "Mim and friends",
    "action_flag": 1,
    "change_message": "[{\"added\": {}}]"
  }
},
{
  "model": "admin.logentry",
  "pk": 5,
  "fields": {
    "action_time": "2024-11-02T11:29:10.638Z",
    "user": 1,
    "content_type": 8,
    "object_id": "1",
    "object_repr": "Table",
    "action_flag": 1,
    "change_message": "[{\"added\": {}}]"
  }
},
{
  "model": "admin.logentry",
  "pk": 6,
  "fields": {
    "action_time": "2024-11-02T11:29:18.590Z",
    "user": 1,
    "content_type": 8,
    "object_id": "2",
    "object_repr": "Counter",
    "action_flag": 1,
    "change_message": "[{\"added\": {}}]"
  }
},
{
  "model": "admin.logentry",
  "pk": 7,
  "fields": {
    "action_time": "2024-11-02T12:03:14.279Z",
    "user": 1,
    "content_type": 9,
    "object_id": "1",
    "object_repr": "A1",
    "action_flag": 2,
    "change_message": "[{\"changed\": {\"fields\": [\"Status\"]}}]"
  }
},
{
  "model": "admin.logentry",
  "pk": 8,
  "fields": {
    "action_time": "2024-11-09T07:17:08.199Z",
    "user": 1,
    "content_type": 7,
    "object_id": "2",
    "object_repr": "Mim and friends",
    "action_flag": 3,
    "change_message": ""
  }
},
{
  "model": "admin.logentry",
  "pk": 9,
  "fields": {
    "action_time": "2024-11-09T07:17:08.199Z",
    "user": 1,
    "content_type": 7,
    "object_id": "1",
    "object_repr": "Wendy's",
    "action_flag": 3,
    "change_message": ""
  }
},
{
  "model": "admin.logentry",
  "pk": 10,
  "fields": {
    "action_time": "2024-11-09T07:17:29.132Z",
    "user": 1,
    "content_type": 7,
    "object_id": "3",
    "object_repr": "TestRestaurant",
    "action_flag": 1,
    "change_message": "[{\"added\": {}}]"
  }
},
{
  "model": "admin.logentry",
  "pk": 11,
  "fields": {
    "action_time": "2024-11-09T07:17:39.165Z",
    "user": 1,
    "content_type": 8,
    "object_id": "5",
    "object_repr": "Dine-in",
    "action_flag": 1,
    "change_message": "[{\"added\": {}}]"
  }
},
{
  "model": "admin.logentry",
  "pk": 12,
  "fields": {
    "action_time": "2024-11-09T07:17:56.305Z",
    "user": 1,
    "content_type": 8,
    "object_id": "6",
    "object_repr": "Pick-up",
    "action_flag": 1,
    "change_message": "[{\"added\": {}}]"
  }
},
{
  "model": "admin.logentry",
  "pk": 13,
  "fields": {
    "action_time": "2024-11-09T07:18:07.981Z",
    "user": 1,
    "content_type": 8,
    "object_id": "7",
    "object_repr": "Drive-thru",
    "action_flag": 1,
    "change_message": "[{\"added\": {}}]"
  }
},
{
  "model": "admin.logentry",
  "pk": 14,
  "fields": {
    "action_time": "2024-11-09T07:18:17.786Z",
    "user": 1,
    "content_type": 8,
    "object_id": "8",
    "object_repr": "Delivery",
    "action_flag": 1,
    "change_message": "[{\"added\": {}}]"
  }
},
{
  "model": "admin.logentry",
  "pk": 15,
  "fields": {
    "action_time": "2024-11-09T07:20:02.195Z",
    "user": 1,
    "content_type": 9,
    "object_id": "14",
    "object_repr": "A1",
    "action_flag": 2,
    "change_message": "[{\"changed\": {\"fields\": [\"Time in\", \"Time out\"]}}]"
  }
},
{
  "model": "admin.logentry",
  "pk": 16,
  "fields": {
    "action_time": "2024-11-09T07:20:18.159Z",
    "user": 1,
    "content_type": 9,
    "object_id": "15",
    "object_repr": "A2",
    "action_flag": 2,
    "change_message": "[{\"changed\": {\"fields\": [\"Time in\", \"Time out\"]}}]"
  }
},
{
  "model": "admin.logentry",
  "pk": 17,
  "fields": {
    "action_time": "2024-11-09T07:20:28.323Z",
    "user": 1,
    "content_type": 9,
    "object_id": "16",
    "object_repr": "A3",
    "action_flag": 2,
    "change_message": "[{\"changed\": {\"fields\": [\"Time in\", \"Time out\"]}}]"
  }
},
{
  "model": "admin.logentry",
  "pk": 18,
  "fields": {
    "action_time": "2024-11-09T07:20:44.705Z",
    "user": 1,
    "content_type": 9,
    "object_id": "17",
    "object_repr": "B1",
    "action_flag": 2,
    "change_message": "[{\"changed\": {\"fields\": [\"Time in\", \"Time out\"]}}]"
  }
},
{
  "model": "admin.logentry",
  "pk": 19,
  "fields": {
    "action_time": "2024-11-09T07:20:57.998Z",
    "user": 1,
    "content_type": 9,
    "object_id": "18",
    "object_repr": "B2",
    "action_flag": 2,
    "change_message": "[{\"changed\": {\"fields\": [\"Time in\", \"Time out\"]}}]"
  }
},
{
  "model": "admin.logentry",
  "pk": 20,
  "fields": {
    "action_time": "2024-11-09T07:21:09.521Z",
    "user": 1,
    "content_type": 9,
    "object_id": "19",
    "object_repr": "B3",
    "action_flag": 2,
    "change_message": "[{\"changed\": {\"fields\": [\"Time in\", \"Time out\"]}}]"
  }
},
{
  "model": "admin.logentry",
  "pk": 21,
  "fields": {
    "action_time": "2024-11-09T07:21:27.182Z",
    "user": 1,
    "content_type": 9,
    "object_id": "20",
    "object_repr": "C1",
    "action_flag": 2,
    "change_message": "[{\"changed\": {\"fields\": [\"Time in\", \"Time out\"]}}]"
  }
},
{
  "model": "admin.logentry",
  "pk": 22,
  "fields": {
    "action_time": "2024-11-09T07:21:42.853Z",
    "user": 1,
    "content_type": 9,
    "object_id": "21",
    "object_repr": "D1",
    "action_flag": 2,
    "change_message": "[{\"changed\": {\"fields\": [\"Time in\", \"Time out\"]}}]"
  }
},
{
  "model": "admin.logentry",
  "pk": 23,
  "fields": {
    "action_time": "2024-11-09T07:21:57.765Z",
    "user": 1,
    "content_type": 9,
    "object_id": "22",
    "object_repr": "D2",
    "action_flag": 2,
    "change_message": "[{\"changed\": {\"fields\": [\"Time in\", \"Time out\"]}}]"
  }
},
{
  "model": "admin.logentry",
  "pk": 24,
  "fields": {
    "action_time": "2024-11-09T07:22:10.734Z",
    "user": 1,
    "content_type": 9,
    "object_id": "23",
    "object_repr": "D3",
    "action_flag": 2,
    "change_message": "[{\"changed\": {\"fields\": [\"Time in\", \"Time out\"]}}]"
  }
},
{
  "model": "admin.logentry",
  "pk": 25,
  "fields": {
    "action_time": "2024-11-09T07:22:19.087Z",
    "user": 1,
    "content_type": 9,
    "object_id": "24",
    "object_repr": "D4",
    "action_flag": 2,
    "change_message": "[{\"changed\": {\"fields\": [\"Time in\", \"Time out\"]}}]"
  }
},
{
  "model": "admin.logentry",
  "pk": 26,
  "fields": {
    "action_time": "2024-11-09T07:22:28.445Z",
    "user": 1,
    "content_type": 9,
    "object_id": "25",
    "object_repr": "D5",
    "action_flag": 2,
    "change_message": "[{\"changed\": {\"fields\": [\"Time in\", \"Time out\"]}}]"
  }
},
{
  "model": "admin.logentry",
  "pk": 27,
  "fields": {
    "action_time": "2024-11-09T07:29:45.687Z",
    "user": 1,
    "content_type": 9,
    "object_id": "26",
    "object_repr": "A1",
    "action_flag": 3,
    "change_message": ""
  }
},
{
  "model": "admin.logentry",
  "pk": 28,
  "fields": {
    "action_time": "2024-11-09T07:31:16.010Z",
    "user": 1,
    "content_type": 9,
    "object_id": "27",
    "object_repr": "A1",
    "action_flag": 2,
    "change_message": "[{\"changed\": {\"fields\": [\"Time in\", \"Time out\"]}}]"
  }
},
{
  "model": "admin.logentry",
  "pk": 29,
  "fields": {
    "action_time": "2024-11-09T07:31:30.859Z",
    "user": 1,
    "content_type": 9,
    "object_id": "28",
    "object_repr": "A2",
    "action_flag": 2,
    "change_message": "[{\"changed\": {\"fields\": [\"Time in\", \"Time out\"]}}]"
  }
},
{
  "model": "admin.logentry",
  "pk": 30,
  "fields": {
    "action_time": "2024-11-09T07:31:43.854Z",
    "user": 1,
    "content_type": 9,
    "object_id": "29",
    "object_repr": "A3",
    "action_flag": 2,
    "change_message": "[{\"changed\": {\"fields\": [\"Time in\", \"Time out\"]}}]"
  }
},
{
  "model": "admin.logentry",
  "pk": 31,
  "fields": {
    "action_time": "2024-11-09T07:31:56.308Z",
    "user": 1,
    "content_type": 9,
    "object_id": "30",
    "object_repr": "B1",
    "action_flag": 2,
    "change_message": "[{\"changed\": {\"fields\": [\"Time in\", \"Time out\"]}}]"
  }
},
{
  "model": "admin.logentry",
  "pk": 32,
  "fields": {
    "action_time": "2024-11-09T07:32:07.135Z",
    "user": 1,
    "content_type": 9,
    "object_id": "31",
    "object_repr": "B2",
    "action_flag": 2,
    "change_message": "[{\"changed\": {\"fields\": [\"Time in\", \"Time out\"]}}]"
  }
},
{
  "model": "admin.logentry",
  "pk": 33,
  "fields": {
    "action_time": "2024-11-09T07:32:22.293Z",
    "user": 1,
    "content_type": 9,
    "object_id": "32",
    "object_repr": "C1",
    "action_flag": 2,
    "change_message": "[{\"changed\": {\"fields\": [\"Time in\", \"Time out\"]}}]"
  }
},
{
  "model": "admin.logentry",
  "pk": 34,
  "fields": {
    "action_time": "2024-11-09T07:32:37.759Z",
    "user": 1,
    "content_type": 9,
    "object_id": "33",
    "object_repr": "C2",
    "action_flag": 2,
    "change_message": "[{\"changed\": {\"fields\": [\"Time in\", \"Time out\"]}}]"
  }
},
{
  "model": "admin.logentry",
  "pk": 35,
  "fields": {
    "action_time": "2024-11-09T07:32:56.245Z",
    "user": 1,
    "content_type": 9,
    "object_id": "34",
    "object_repr": "D1",
    "action_flag": 2,
    "change_message": "[{\"changed\": {\"fields\": [\"Time in\", \"Time out\"]}}]"
  }
},
{
  "model": "admin.logentry",
  "pk": 36,
  "fields": {
    "action_time": "2024-11-09T07:33:08.578Z",
    "user": 1,
    "content_type": 9,
    "object_id": "35",
    "object_repr": "D2",
    "action_flag": 2,
    "change_message": "[{\"changed\": {\"fields\": [\"Time in\", \"Time out\"]}}]"
  }
},
{
  "model": "admin.logentry",
  "pk": 37,
  "fields": {
    "action_time": "2024-11-09T07:33:21.195Z",
    "user": 1,
    "content_type": 9,
    "object_id": "36",
    "object_repr": "D3",
    "action_flag": 2,
    "change_message": "[{\"changed\": {\"fields\": [\"Time in\", \"Time out\"]}}]"
  }
},
{
  "model": "admin.logentry",
  "pk": 38,
  "fields": {
    "action_time": "2024-11-09T07:35:26.024Z",
    "user": 1,
    "content_type": 9,
    "object_id": "37",
    "object_repr": "A1",
    "action_flag": 2,
    "change_message": "[{\"changed\": {\"fields\": [\"Time in\", \"Time out\"]}}]"
  }
},
{
  "model": "admin.logentry",
  "pk": 39,
  "fields": {
    "action_time": "2024-11-09T07:35:42.484Z",
    "user": 1,
    "content_type": 9,
    "object_id": "38",
    "object_repr": "A2",
    "action_flag": 2,
    "change_message": "[{\"changed\": {\"fields\": [\"Time in\", \"Time out\"]}}]"
  }
},
{
  "model": "admin.logentry",
  "pk": 40,
  "fields": {
    "action_time": "2024-11-09T07:35:56.114Z",
    "user": 1,
    "content_type": 9,
    "object_id": "39",
    "object_repr": "D1",
    "action_flag": 2,
    "change_message": "[{\"changed\": {\"fields\": [\"Time in\", \"Time out\"]}}]"
  }
},
{
  "model": "admin.logentry",
  "pk": 41,
  "fields": {
    "action_time": "2024-11-09T07:36:10.635Z",
    "user": 1,
    "content_type": 9,
    "object_id": "40",
    "object_repr": "D2",
    "action_flag": 2,
    "change_message": "[{\"changed\": {\"fields\": [\"Time in\", \"Time out\"]}}]"
  }
},
{
  "model": "admin.logentry",
  "pk": 42,
  "fields": {
    "action_time": "2024-11-09T07:36:24.550Z",
    "user": 1,
    "content_type": 9,
    "object_id": "41",
    "object_repr": "D3",
    "action_flag": 2,
    "change_message": "[{\"changed\": {\"fields\": [\"Time in\", \"Time out\"]}}]"
  }
},
{
  "model": "admin.logentry",
  "pk": 43,
  "fields": {
    "action_time": "2024-11-09T07:36:37.622Z",
    "user": 1,
    "content_type": 9,
    "object_id": "42",
    "object_repr": "D4",
    "action_flag": 2,
    "change_message": "[{\"changed\": {\"fields\": [\"Time in\", \"Time out\"]}}]"
  }
},
{
  "model": "admin.logentry",
  "pk": 44,
  "fields": {
    "action_time": "2024-11-09T07:36:50.413Z",
    "user": 1,
    "content_type": 9,
    "object_id": "43",
    "object_repr": "D5",
    "action_flag": 2,
    "change_message": "[{\"changed\": {\"fields\": [\"Time in\", \"Time out\"]}}]"
  }
},
{
  "model": "admin.logentry",
  "pk": 45,
  "fields": {
    "action_time": "2024-11-09T07:37:04.949Z",
    "user": 1,
    "content_type": 9,
    "object_id": "44",
    "object_repr": "D6",
    "action_flag": 2,
    "change_message": "[{\"changed\": {\"fields\": [\"Time in\", \"Time out\"]}}]"
  }
},
{
  "model": "admin.logentry",
  "pk": 46,
  "fields": {
    "action_time": "2024-11-09T07:39:07.668Z",
    "user": 1,
    "content_type": 9,
    "object_id": "45",
    "object_repr": "D1",
    "action_flag": 2,
    "change_message": "[{\"changed\": {\"fields\": [\"Time in\", \"Time out\"]}}]"
  }
},
{
  "model": "admin.logentry",
  "pk": 47,
  "fields": {
    "action_time": "2024-11-09T07:39:28.965Z",
    "user": 1,
    "content_type": 9,
    "object_id": "46",
    "object_repr": "D2",
    "action_flag": 2,
    "change_message": "[{\"changed\": {\"fields\": [\"Time in\", \"Time out\"]}}]"
  }
},
{
  "model": "admin.logentry",
  "pk": 48,
  "fields": {
    "action_time": "2024-11-09T07:39:41.690Z",
    "user": 1,
    "content_type": 9,
    "object_id": "47",
    "object_repr": "D3",
    "action_flag": 2,
    "change_message": "[{\"changed\": {\"fields\": [\"Time in\", \"Time out\"]}}]"
  }
},
{
  "model": "admin.logentry",
  "pk": 49,
  "fields": {
    "action_time": "2024-11-09T07:39:55.788Z",
    "user": 1,
    "content_type": 9,
    "object_id": "48",
    "object_repr": "D4",
    "action_flag": 2,
    "change_message": "[{\"changed\": {\"fields\": [\"Time in\", \"Time out\"]}}]"
  }
},
{
  "model": "admin.logentry",
  "pk": 50,
  "fields": {
    "action_time": "2024-11-09T07:40:08.136Z",
    "user": 1,
    "content_type": 9,
    "object_id": "49",
    "object_repr": "D5",
    "action_flag": 2,
    "change_message": "[{\"changed\": {\"fields\": [\"Time in\", \"Time out\"]}}]"
  }
},
{
  "model": "admin.logentry",
  "pk": 51,
  "fields": {
    "action_time": "2024-11-09T07:40:17.408Z",
    "user": 1,
    "content_type": 9,
    "object_id": "50",
    "object_repr": "D6",
    "action_flag": 2,
    "change_message": "[{\"changed\": {\"fields\": [\"Time in\", \"Time out\"]}}]"
  }
},
{
  "model": "admin.logentry",
  "pk": 52,
  "fields": {
    "action_time": "2024-11-09T07:40:29.496Z",
    "user": 1,
    "content_type": 9,
    "object_id": "51",
    "object_repr": "D7",
    "action_flag": 2,
    "change_message": "[{\"changed\": {\"fields\": [\"Time in\", \"Time out\"]}}]"
  }
},
{
  "model": "admin.logentry",
  "pk": 53,
  "fields": {
    "action_time": "2024-11-09T07:40:44.446Z",
    "user": 1,
    "content_type": 9,
    "object_id": "52",
    "object_repr": "D8",
    "action_flag": 2,
    "change_message": "[{\"changed\": {\"fields\": [\"Time in\", \"Time out\"]}}]"
  }
},
{
  "model": "admin.logentry",
  "pk": 54,
  "fields": {
    "action_time": "2024-11-09T07:40:57.536Z",
    "user": 1,
    "content_type": 9,
    "object_id": "53",
    "object_repr": "D9",
    "action_flag": 2,
    "change_message": "[{\"changed\": {\"fields\": [\"Time in\", \"Time out\"]}}]"
  }
},
{
  "model": "admin.logentry",
  "pk": 55,
  "fields": {
    "action_time": "2024-11-09T07:41:06.091Z",
    "user": 1,
    "content_type": 9,
    "object_id": "54",
    "object_repr": "A1",
    "action_flag": 2,
    "change_message": "[{\"changed\": {\"fields\": [\"Time in\", \"Time out\"]}}]"
  }
},
{
  "model": "admin.logentry",
  "pk": 56,
  "fields": {
    "action_time": "2024-11-09T07:41:20.870Z",
    "user": 1,
    "content_type": 9,
    "object_id": "55",
    "object_repr": "A2",
    "action_flag": 2,
    "change_message": "[{\"changed\": {\"fields\": [\"Time in\", \"Time out\"]}}]"
  }
},
{
  "model": "admin.logentry",
  "pk": 57,
  "fields": {
    "action_time": "2024-11-09T07:41:33.374Z",
    "user": 1,
    "content_type": 9,
    "object_id": "56",
    "object_repr": "A3",
    "action_flag": 2,
    "change_message": "[{\"changed\": {\"fields\": [\"Time in\", \"Time out\"]}}]"
  }
},
{
  "model": "admin.logentry",
  "pk": 58,
  "fields": {
    "action_time": "2024-11-09T07:44:53.847Z",
    "user": 1,
    "content_type": 9,
    "object_id": "57",
    "object_repr": "A1",
    "action_flag": 2,
    "change_message": "[{\"changed\": {\"fields\": [\"Time in\", \"Time out\"]}}]"
  }
},
{
  "model": "admin.logentry",
  "pk": 59,
  "fields": {
    "action_time": "2024-11-09T07:45:05.849Z",
    "user": 1,
    "content_type": 9,
    "object_id": "58",
    "object_repr": "A2",
    "action_flag": 2,
    "change_message": "[{\"changed\": {\"fields\": [\"Time in\", \"Time out\"]}}]"
  }
},
{
  "model": "admin.logentry",
  "pk": 60,
  "fields": {
    "action_time": "2024-11-09T07:45:17.233Z",
    "user": 1,
    "content_type": 9,
    "object_id": "59",
    "object_repr": "A3",
    "action_flag": 2,
    "change_message": "[{\"changed\": {\"fields\": [\"Time in\", \"Time out\"]}}]"
  }
},
{
  "model": "admin.logentry",
  "pk": 61,
  "fields": {
    "action_time": "2024-11-09T07:45:34.215Z",
    "user": 1,
    "content_type": 9,
    "object_id": "60",
    "object_repr": "A4",
    "action_flag": 2,
    "change_message": "[{\"changed\": {\"fields\": [\"Time in\", \"Time out\"]}}]"
  }
},
{
  "model": "admin.logentry",
  "pk": 62,
  "fields": {
    "action_time": "2024-11-09T07:45:46.895Z",
    "user": 1,
    "content_type": 9,
    "object_id": "61",
    "object_repr": "A5",
    "action_flag": 2,
    "change_message": "[{\"changed\": {\"fields\": [\"Time in\", \"Time out\"]}}]"
  }
},
{
  "model": "admin.logentry",
  "pk": 63,
  "fields": {
    "action_time": "2024-11-09T07:45:58.373Z",
    "user": 1,
    "content_type": 9,
    "object_id": "62",
    "object_repr": "A6",
    "action_flag": 2,
    "change_message": "[{\"changed\": {\"fields\": [\"Time in\", \"Time out\"]}}]"
  }
},
{
  "model": "admin.logentry",
  "pk": 64,
  "fields": {
    "action_time": "2024-11-09T07:46:10.346Z",
    "user": 1,
    "content_type": 9,
    "object_id": "63",
    "object_repr": "D1",
    "action_flag": 2,
    "change_message": "[{\"changed\": {\"fields\": [\"Time in\", \"Time out\"]}}]"
  }
},
{
  "model": "admin.logentry",
  "pk": 65,
  "fields": {
    "action_time": "2024-11-09T07:46:20.574Z",
    "user": 1,
    "content_type": 9,
    "object_id": "64",
    "object_repr": "D2",
    "action_flag": 2,
    "change_message": "[{\"changed\": {\"fields\": [\"Time in\", \"Time out\"]}}]"
  }
},
{
  "model": "admin.logentry",
  "pk": 66,
  "fields": {
    "action_time": "2024-11-09T07:46:41.590Z",
    "user": 1,
    "content_type": 9,
    "object_id": "65",
    "object_repr": "D3",
    "action_flag": 2,
    "change_message": "[{\"changed\": {\"fields\": [\"Time in\", \"Time out\"]}}]"
  }
},
{
  "model": "admin.logentry",
  "pk": 67,
  "fields": {
    "action_time": "2024-11-09T07:46:55.442Z",
    "user": 1,
    "content_type": 9,
    "object_id": "66",
    "object_repr": "C1",
    "action_flag": 2,
    "change_message": "[{\"changed\": {\"fields\": [\"Time in\", \"Time out\"]}}]"
  }
},
{
  "model": "admin.logentry",
  "pk": 68,
  "fields": {
    "action_time": "2024-11-09T07:47:06.571Z",
    "user": 1,
    "content_type": 9,
    "object_id": "67",
    "object_repr": "B1",
    "action_flag": 2,
    "change_message": "[{\"changed\": {\"fields\": [\"Time in\", \"Time out\"]}}]"
  }
},
{
  "model": "admin.logentry",
  "pk": 69,
  "fields": {
    "action_time": "2024-11-09T07:47:16.528Z",
    "user": 1,
    "content_type": 9,
    "object_id": "68",
    "object_repr": "B2",
    "action_flag": 2,
    "change_message": "[{\"changed\": {\"fields\": [\"Time in\", \"Time out\"]}}]"
  }
},
{
  "model": "admin.logentry",
  "pk": 70,
  "fields": {
    "action_time": "2024-11-09T07:50:11.397Z",
    "user": 1,
    "content_type": 9,
    "object_id": "69",
    "object_repr": "A1",
    "action_flag": 2,
    "change_message": "[{\"changed\": {\"fields\": [\"Time in\", \"Time out\"]}}]"
  }
},
{
  "model": "admin.logentry",
  "pk": 71,
  "fields": {
    "action_time": "2024-11-09T07:50:24.551Z",
    "user": 1,
    "content_type": 9,
    "object_id": "70",
    "object_repr": "A2",
    "action_flag": 2,
    "change_message": "[{\"changed\": {\"fields\": [\"Time in\", \"Time out\"]}}]"
  }
},
{
  "model": "admin.logentry",
  "pk": 72,
  "fields": {
    "action_time": "2024-11-09T07:50:38.798Z",
    "user": 1,
    "content_type": 9,
    "object_id": "71",
    "object_repr": "A3",
    "action_flag": 2,
    "change_message": "[{\"changed\": {\"fields\": [\"Time in\", \"Time out\"]}}]"
  }
},
{
  "model": "admin.logentry",
  "pk": 73,
  "fields": {
    "action_time": "2024-11-09T07:50:49.879Z",
    "user": 1,
    "content_type": 9,
    "object_id": "72",
    "object_repr": "A4",
    "action_flag": 2,
    "change_message": "[{\"changed\": {\"fields\": [\"Time in\", \"Time out\"]}}]"
  }
},
{
  "model": "admin.logentry",
  "pk": 74,
  "fields": {
    "action_time": "2024-11-09T07:51:00.669Z",
    "user": 1,
    "content_type": 9,
    "object_id": "73",
    "object_repr": "A5",
    "action_flag": 2,
    "change_message": "[{\"changed\": {\"fields\": [\"Time in\", \"Time out\"]}}]"
  }
},
{
  "model": "admin.logentry",
  "pk": 75,
  "fields": {
    "action_time": "2024-11-09T07:51:12.402Z",
    "user": 1,
    "content_type": 9,
    "object_id": "74",
    "object_repr": "A6",
    "action_flag": 2,
    "change_message": "[{\"changed\": {\"fields\": [\"Time in\", \"Time out\"]}}]"
  }
},
{
  "model": "admin.logentry",
  "pk": 76,
  "fields": {
    "action_time": "2024-11-09T07:51:20.708Z",
    "user": 1,
    "content_type": 9,
    "object_id": "75",
    "object_repr": "A7",
    "action_flag": 2,
    "change_message": "[{\"changed\": {\"fields\": [\"Time in\", \"Time out\"]}}]"
  }
},
{
  "model": "admin.logentry",
  "pk": 77,
  "fields": {
    "action_time": "2024-11-09T07:51:26.823Z",
    "user": 1,
    "content_type": 9,
    "object_id": "76",
    "object_repr": "A8",
    "action_flag": 2,
    "change_message": "[{\"changed\": {\"fields\": [\"Time in\", \"Time out\"]}}]"
  }
},
{
  "model": "admin.logentry",
  "pk": 78,
  "fields": {
    "action_time": "2024-11-09T07:51:34.024Z",
    "user": 1,
    "content_type": 9,
    "object_id": "77",
    "object_repr": "A9",
    "action_flag": 2,
    "change_message": "[{\"changed\": {\"fields\": [\"Time in\", \"Time out\"]}}]"
  }
},
{
  "model": "admin.logentry",
  "pk": 79,
  "fields": {
    "action_time": "2024-11-09T07:51:46.090Z",
    "user": 1,
    "content_type": 9,
    "object_id": "78",
    "object_repr": "A10",
    "action_flag": 2,
    "change_message": "[{\"changed\": {\"fields\": [\"Time in\", \"Time out\"]}}]"
  }
},
{
  "model": "admin.logentry",
  "pk": 80,
  "fields": {
    "action_time": "2024-11-09T07:52:00.962Z",
    "user": 1,
    "content_type": 9,
    "object_id": "79",
    "object_repr": "A11",
    "action_flag": 2,
    "change_message": "[{\"changed\": {\"fields\": [\"Time in\", \"Time out\"]}}]"
  }
},
{
  "model": "admin.logentry",
  "pk": 81,
  "fields": {
    "action_time": "2024-11-09T07:52:11.194Z",
    "user": 1,
    "content_type": 9,
    "object_id": "80",
    "object_repr": "A12",
    "action_flag": 2,
    "change_message": "[{\"changed\": {\"fields\": [\"Time in\", \"Time out\"]}}]"
  }
},
{
  "model": "admin.logentry",
  "pk": 82,
  "fields": {
    "action_time": "2024-11-09T07:52:23.406Z",
    "user": 1,
    "content_type": 9,
    "object_id": "81",
    "object_repr": "A13",
    "action_flag": 2,
    "change_message": "[{\"changed\": {\"fields\": [\"Time in\", \"Time out\"]}}]"
  }
},
{
  "model": "admin.logentry",
  "pk": 83,
  "fields": {
    "action_time": "2024-11-09T07:52:34.175Z",
    "user": 1,
    "content_type": 9,
    "object_id": "82",
    "object_repr": "A14",
    "action_flag": 2,
    "change_message": "[{\"changed\": {\"fields\": [\"Time in\", \"Time out\"]}}]"
  }
},
{
  "model": "admin.logentry",
  "pk": 84,
  "fields": {
    "action_time": "2024-11-09T07:52:42.842Z",
    "user": 1,
    "content_type": 9,
    "object_id": "83",
    "object_repr": "B1",
    "action_flag": 2,
    "change_message": "[{\"changed\": {\"fields\": [\"Time in\", \"Time out\"]}}]"
  }
},
{
  "model": "admin.logentry",
  "pk": 85,
  "fields": {
    "action_time": "2024-11-09T07:52:49.474Z",
    "user": 1,
    "content_type": 9,
    "object_id": "84",
    "object_repr": "B2",
    "action_flag": 2,
    "change_message": "[{\"changed\": {\"fields\": [\"Time in\", \"Time out\"]}}]"
  }
},
{
  "model": "admin.logentry",
  "pk": 86,
  "fields": {
    "action_time": "2024-11-09T07:52:59.900Z",
    "user": 1,
    "content_type": 9,
    "object_id": "85",
    "object_repr": "B3",
    "action_flag": 2,
    "change_message": "[{\"changed\": {\"fields\": [\"Time in\", \"Time out\"]}}]"
  }
},
{
  "model": "admin.logentry",
  "pk": 87,
  "fields": {
    "action_time": "2024-11-09T07:53:10.419Z",
    "user": 1,
    "content_type": 9,
    "object_id": "86",
    "object_repr": "B4",
    "action_flag": 2,
    "change_message": "[{\"changed\": {\"fields\": [\"Time in\", \"Time out\"]}}]"
  }
},
{
  "model": "admin.logentry",
  "pk": 88,
  "fields": {
    "action_time": "2024-11-09T07:53:21.030Z",
    "user": 1,
    "content_type": 9,
    "object_id": "87",
    "object_repr": "D1",
    "action_flag": 2,
    "change_message": "[{\"changed\": {\"fields\": [\"Time in\", \"Time out\"]}}]"
  }
},
{
  "model": "admin.logentry",
  "pk": 89,
  "fields": {
    "action_time": "2024-11-09T07:53:31.050Z",
    "user": 1,
    "content_type": 9,
    "object_id": "88",
    "object_repr": "D2",
    "action_flag": 2,
    "change_message": "[{\"changed\": {\"fields\": [\"Time in\", \"Time out\"]}}]"
  }
},
{
  "model": "admin.logentry",
  "pk": 90,
  "fields": {
    "action_time": "2024-11-09T07:53:37.763Z",
    "user": 1,
    "content_type": 9,
    "object_id": "89",
    "object_repr": "D3",
    "action_flag": 2,
    "change_message": "[{\"changed\": {\"fields\": [\"Time in\", \"Time out\"]}}]"
  }
},
{
  "model": "admin.logentry",
  "pk": 91,
  "fields": {
    "action_time": "2024-11-09T07:53:48.220Z",
    "user": 1,
    "content_type": 9,
    "object_id": "90",
    "object_repr": "D4",
    "action_flag": 2,
    "change_message": "[{\"changed\": {\"fields\": [\"Time in\", \"Time out\"]}}]"
  }
},
{
  "model": "admin.logentry",
  "pk": 92,
  "fields": {
    "action_time": "2024-11-09T07:58:40.923Z",
    "user": 1,
    "content_type": 9,
    "object_id": "91",
    "object_repr": "A1",
    "action_flag": 2,
    "change_message": "[{\"changed\": {\"fields\": [\"Time in\", \"Time out\"]}}]"
  }
},
{
  "model": "admin.logentry",
  "pk": 93,
  "fields": {
    "action_time": "2024-11-09T07:58:53.624Z",
    "user": 1,
    "content_type": 9,
    "object_id": "92",
    "object_repr": "A2",
    "action_flag": 2,
    "change_message": "[{\"changed\": {\"fields\": [\"Time in\", \"Time out\"]}}]"
  }
},
{
  "model": "admin.logentry",
  "pk": 94,
  "fields": {
    "action_time": "2024-11-09T07:59:03.709Z",
    "user": 1,
    "content_type": 9,
    "object_id": "93",
    "object_repr": "A3",
    "action_flag": 2,
    "change_message": "[{\"changed\": {\"fields\": [\"Time in\", \"Time out\"]}}]"
  }
},
{
  "model": "admin.logentry",
  "pk": 95,
  "fields": {
    "action_time": "2024-11-09T07:59:13.104Z",
    "user": 1,
    "content_type": 9,
    "object_id": "94",
    "object_repr": "A4",
    "action_flag": 2,
    "change_message": "[{\"changed\": {\"fields\": [\"Time in\", \"Time out\"]}}]"
  }
},
{
  "model": "admin.logentry",
  "pk": 96,
  "fields": {
    "action_time": "2024-11-09T07:59:25.852Z",
    "user": 1,
    "content_type": 9,
    "object_id": "95",
    "object_repr": "A5",
    "action_flag": 2,
    "change_message": "[{\"changed\": {\"fields\": [\"Time in\", \"Time out\"]}}]"
  }
},
{
  "model": "admin.logentry",
  "pk": 97,
  "fields": {
    "action_time": "2024-11-09T07:59:41.431Z",
    "user": 1,
    "content_type": 9,
    "object_id": "96",
    "object_repr": "A6",
    "action_flag": 2,
    "change_message": "[{\"changed\": {\"fields\": [\"Time in\", \"Time out\"]}}]"
  }
},
{
  "model": "admin.logentry",
  "pk": 98,
  "fields": {
    "action_time": "2024-11-09T07:59:51.299Z",
    "user": 1,
    "content_type": 9,
    "object_id": "97",
    "object_repr": "A7",
    "action_flag": 2,
    "change_message": "[{\"changed\": {\"fields\": [\"Time in\", \"Time out\"]}}]"
  }
},
{
  "model": "admin.logentry",
  "pk": 99,
  "fields": {
    "action_time": "2024-11-09T07:59:58.142Z",
    "user": 1,
    "content_type": 9,
    "object_id": "98",
    "object_repr": "A8",
    "action_flag": 2,
    "change_message": "[{\"changed\": {\"fields\": [\"Time in\", \"Time out\"]}}]"
  }
},
{
  "model": "admin.logentry",
  "pk": 100,
  "fields": {
    "action_time": "2024-11-09T08:00:07.688Z",
    "user": 1,
    "content_type": 9,
    "object_id": "99",
    "object_repr": "A9",
    "action_flag": 2,
    "change_message": "[{\"changed\": {\"fields\": [\"Time in\", \"Time out\"]}}]"
  }
},
{
  "model": "admin.logentry",
  "pk": 101,
  "fields": {
    "action_time": "2024-11-09T08:00:17.778Z",
    "user": 1,
    "content_type": 9,
    "object_id": "100",
    "object_repr": "A10",
    "action_flag": 2,
    "change_message": "[{\"changed\": {\"fields\": [\"Time in\", \"Time out\"]}}]"
  }
},
{
  "model": "admin.logentry",
  "pk": 102,
  "fields": {
    "action_time": "2024-11-09T08:00:27.871Z",
    "user": 1,
    "content_type": 9,
    "object_id": "101",
    "object_repr": "A11",
    "action_flag": 2,
    "change_message": "[{\"changed\": {\"fields\": [\"Time in\", \"Time out\"]}}]"
  }
},
{
  "model": "admin.logentry",
  "pk": 103,
  "fields": {
    "action_time": "2024-11-09T08:00:36.969Z",
    "user": 1,
    "content_type": 9,
    "object_id": "102",
    "object_repr": "A12",
    "action_flag": 2,
    "change_message": "[{\"changed\": {\"fields\": [\"Time in\", \"Time out\"]}}]"
  }
},
{
  "model": "admin.logentry",
  "pk": 104,
  "fields": {
    "action_time": "2024-11-09T08:00:44.204Z",
    "user": 1,
    "content_type": 9,
    "object_id": "103",
    "object_repr": "B1",
    "action_flag": 2,
    "change_message": "[{\"changed\": {\"fields\": [\"Time in\", \"Time out\"]}}]"
  }
},
{
  "model": "admin.logentry",
  "pk": 105,
  "fields": {
    "action_time": "2024-11-09T08:00:55.624Z",
    "user": 1,
    "content_type": 9,
    "object_id": "104",
    "object_repr": "D1",
    "action_flag": 2,
    "change_message": "[{\"changed\": {\"fields\": [\"Time in\", \"Time out\"]}}]"
  }
},
{
  "model": "admin.logentry",
  "pk": 106,
  "fields": {
    "action_time": "2024-11-09T08:01:05.478Z",
    "user": 1,
    "content_type": 9,
    "object_id": "105",
    "object_repr": "D2",
    "action_flag": 2,
    "change_message": "[{\"changed\": {\"fields\": [\"Time in\", \"Time out\"]}}]"
  }
},
{
  "model": "admin.logentry",
  "pk": 107,
  "fields": {
    "action_time": "2024-11-09T08:01:20.923Z",
    "user": 1,
    "content_type": 9,
    "object_id": "106",
    "object_repr": "D3",
    "action_flag": 2,
    "change_message": "[{\"changed\": {\"fields\": [\"Time in\", \"Time out\"]}}]"
  }
},
{
  "model": "admin.logentry",
  "pk": 108,
  "fields": {
    "action_time": "2024-11-09T08:01:30.863Z",
    "user": 1,
    "content_type": 9,
    "object_id": "107",
    "object_repr": "D4",
    "action_flag": 2,
    "change_message": "[{\"changed\": {\"fields\": [\"Time in\", \"Time out\"]}}]"
  }
},
{
  "model": "admin.logentry",
  "pk": 109,
  "fields": {
    "action_time": "2024-11-09T08:01:42.484Z",
    "user": 1,
    "content_type": 9,
    "object_id": "108",
    "object_repr": "D5",
    "action_flag": 2,
    "change_message": "[{\"changed\": {\"fields\": [\"Time in\", \"Time out\"]}}]"
  }
},
{
  "model": "admin.logentry",
  "pk": 110,
  "fields": {
    "action_time": "2024-11-09T08:09:25.756Z",
    "user": 1,
    "content_type": 9,
    "object_id": "122",
    "object_repr": "D3",
    "action_flag": 3,
    "change_message": ""
  }
},
{
  "model": "admin.logentry",
  "pk": 111,
  "fields": {
    "action_time": "2024-11-09T08:09:25.756Z",
    "user": 1,
    "content_type": 9,
    "object_id": "121",
    "object_repr": "D2",
    "action_flag": 3,
    "change_message": ""
  }
},
{
  "model": "admin.logentry",
  "pk": 112,
  "fields": {
    "action_time": "2024-11-09T08:09:25.756Z",
    "user": 1,
    "content_type": 9,
    "object_id": "120",
    "object_repr": "D1",
    "action_flag": 3,
    "change_message": ""
  }
},
{
  "model": "admin.logentry",
  "pk": 113,
  "fields": {
    "action_time": "2024-11-09T08:09:25.756Z",
    "user": 1,
    "content_type": 9,
    "object_id": "119",
    "object_repr": "C2",
    "action_flag": 3,
    "change_message": ""
  }
},
{
  "model": "admin.logentry",
  "pk": 114,
  "fields": {
    "action_time": "2024-11-09T08:09:25.756Z",
    "user": 1,
    "content_type": 9,
    "object_id": "118",
    "object_repr": "C1",
    "action_flag": 3,
    "change_message": ""
  }
},
{
  "model": "admin.logentry",
  "pk": 115,
  "fields": {
    "action_time": "2024-11-09T08:09:25.756Z",
    "user": 1,
    "content_type": 9,
    "object_id": "117",
    "object_repr": "B2",
    "action_flag": 3,
    "change_message": ""
  }
},
{
  "model": "admin.logentry",
  "pk": 116,
  "fields": {
    "action_time": "2024-11-09T08:09:25.756Z",
    "user": 1,
    "content_type": 9,
    "object_id": "116",
    "object_repr": "B1",
    "action_flag": 3,
    "change_message": ""
  }
},
{
  "model": "admin.logentry",
  "pk": 117,
  "fields": {
    "action_time": "2024-11-09T08:09:25.756Z",
    "user": 1,
    "content_type": 9,
    "object_id": "115",
    "object_repr": "A7",
    "action_flag": 3,
    "change_message": ""
  }
},
{
  "model": "admin.logentry",
  "pk": 118,
  "fields": {
    "action_time": "2024-11-09T08:09:25.756Z",
    "user": 1,
    "content_type": 9,
    "object_id": "114",
    "object_repr": "A6",
    "action_flag": 3,
    "change_message": ""
  }
},
{
  "model": "admin.logentry",
  "pk": 119,
  "fields": {
    "action_time": "2024-11-09T08:09:25.756Z",
    "user": 1,
    "content_type": 9,
    "object_id": "113",
    "object_repr": "A5",
    "action_flag": 3,
    "change_message": ""
  }
},
{
  "model": "admin.logentry",
  "pk": 120,
  "fields": {
    "action_time": "2024-11-09T08:09:25.756Z",
    "user": 1,
    "content_type": 9,
    "object_id": "112",
    "object_repr": "A4",
    "action_flag": 3,
    "change_message": ""
  }
},
{
  "model": "admin.logentry",
  "pk": 121,
  "fields": {
    "action_time": "2024-11-09T08:09:25.756Z",
    "user": 1,
    "content_type": 9,
    "object_id": "111",
    "object_repr": "A3",
    "action_flag": 3,
    "change_message": ""
  }
},
{
  "model": "admin.logentry",
  "pk": 122,
  "fields": {
    "action_time": "2024-11-09T08:09:25.756Z",
    "user": 1,
    "content_type": 9,
    "object_id": "110",
    "object_repr": "A2",
    "action_flag": 3,
    "change_message": ""
  }
},
{
  "model": "admin.logentry",
  "pk": 123,
  "fields": {
    "action_time": "2024-11-09T08:09:25.756Z",
    "user": 1,
    "content_type": 9,
    "object_id": "109",
    "object_repr": "A1",
    "action_flag": 3,
    "change_message": ""
  }
},
{
  "model": "admin.logentry",
  "pk": 124,
  "fields": {
    "action_time": "2024-11-09T08:11:10.907Z",
    "user": 1,
    "content_type": 9,
    "object_id": "123",
    "object_repr": "A1",
    "action_flag": 2,
    "change_message": "[{\"changed\": {\"fields\": [\"Time in\", \"Time out\"]}}]"
  }
},
{
  "model": "admin.logentry",
  "pk": 125,
  "fields": {
    "action_time": "2024-11-09T08:11:21.743Z",
    "user": 1,
    "content_type": 9,
    "object_id": "124",
    "object_repr": "A2",
    "action_flag": 2,
    "change_message": "[{\"changed\": {\"fields\": [\"Time in\", \"Time out\"]}}]"
  }
},
{
  "model": "admin.logentry",
  "pk": 126,
  "fields": {
    "action_time": "2024-11-09T08:11:29.407Z",
    "user": 1,
    "content_type": 9,
    "object_id": "125",
    "object_repr": "A3",
    "action_flag": 2,
    "change_message": "[{\"changed\": {\"fields\": [\"Time in\", \"Time out\"]}}]"
  }
},
{
  "model": "admin.logentry",
  "pk": 127,
  "fields": {
    "action_time": "2024-11-09T08:11:36.282Z",
    "user": 1,
    "content_type": 9,
    "object_id": "126",
    "object_repr": "A4",
    "action_flag": 2,
    "change_message": "[{\"changed\": {\"fields\": [\"Time in\", \"Time out\"]}}]"
  }
},
{
  "model": "admin.logentry",
  "pk": 128,
  "fields": {
    "action_time": "2024-11-09T08:11:42.509Z",
    "user": 1,
    "content_type": 9,
    "object_id": "127",
    "object_repr": "A5",
    "action_flag": 2,
    "change_message": "[{\"changed\": {\"fields\": [\"Time in\", \"Time out\"]}}]"
  }
},
{
  "model": "admin.logentry",
  "pk": 129,
  "fields": {
    "action_time": "2024-11-09T08:11:50.793Z",
    "user": 1,
    "content_type": 9,
    "object_id": "128",
    "object_repr": "A6",
    "action_flag": 2,
    "change_message": "[{\"changed\": {\"fields\": [\"Time in\", \"Time out\"]}}]"
  }
},
{
  "model": "admin.logentry",
  "pk": 130,
  "fields": {
    "action_time": "2024-11-09T08:11:57.705Z",
    "user": 1,
    "content_type": 9,
    "object_id": "129",
    "object_repr": "A7",
    "action_flag": 2,
    "change_message": "[{\"changed\": {\"fields\": [\"Time in\", \"Time out\"]}}]"
  }
},
{
  "model": "admin.logentry",
  "pk": 131,
  "fields": {
    "action_time": "2024-11-09T08:12:03.301Z",
    "user": 1,
    "content_type": 9,
    "object_id": "130",
    "object_repr": "A8",
    "action_flag": 2,
    "change_message": "[]"
  }
},
{
  "model": "admin.logentry",
  "pk": 132,
  "fields": {
    "action_time": "2024-11-09T08:12:10.508Z",
    "user": 1,
    "content_type": 9,
    "object_id": "131",
    "object_repr": "A9",
    "action_flag": 2,
    "change_message": "[{\"changed\": {\"fields\": [\"Time in\", \"Time out\"]}}]"
  }
},
{
  "model": "admin.logentry",
  "pk": 133,
  "fields": {
    "action_time": "2024-11-09T08:12:18.570Z",
    "user": 1,
    "content_type": 9,
    "object_id": "132",
    "object_repr": "A10",
    "action_flag": 2,
    "change_message": "[{\"changed\": {\"fields\": [\"Time in\", \"Time out\"]}}]"
  }
},
{
  "model": "admin.logentry",
  "pk": 134,
  "fields": {
    "action_time": "2024-11-09T08:12:24.441Z",
    "user": 1,
    "content_type": 9,
    "object_id": "133",
    "object_repr": "B1",
    "action_flag": 2,
    "change_message": "[]"
  }
},
{
  "model": "admin.logentry",
  "pk": 135,
  "fields": {
    "action_time": "2024-11-09T08:12:34.492Z",
    "user": 1,
    "content_type": 9,
    "object_id": "135",
    "object_repr": "C1",
    "action_flag": 2,
    "change_message": "[{\"changed\": {\"fields\": [\"Time in\", \"Time out\"]}}]"
  }
},
{
  "model": "admin.logentry",
  "pk": 136,
  "fields": {
    "action_time": "2024-11-09T08:12:44.110Z",
    "user": 1,
    "content_type": 9,
    "object_id": "136",
    "object_repr": "C2",
    "action_flag": 2,
    "change_message": "[{\"changed\": {\"fields\": [\"Time in\", \"Time out\"]}}]"
  }
},
{
  "model": "admin.logentry",
  "pk": 137,
  "fields": {
    "action_time": "2024-11-09T08:13:00.896Z",
    "user": 1,
    "content_type": 9,
    "object_id": "137",
    "object_repr": "D1",
    "action_flag": 2,
    "change_message": "[{\"changed\": {\"fields\": [\"Time in\", \"Time out\"]}}]"
  }
},
{
  "model": "admin.logentry",
  "pk": 138,
  "fields": {
    "action_time": "2024-11-09T08:13:08.150Z",
    "user": 1,
    "content_type": 9,
    "object_id": "138",
    "object_repr": "D2",
    "action_flag": 2,
    "change_message": "[{\"changed\": {\"fields\": [\"Time in\", \"Time out\"]}}]"
  }
},
{
  "model": "admin.logentry",
  "pk": 139,
  "fields": {
    "action_time": "2024-11-09T08:13:14.222Z",
    "user": 1,
    "content_type": 9,
    "object_id": "139",
    "object_repr": "D3",
    "action_flag": 2,
    "change_message": "[{\"changed\": {\"fields\": [\"Time in\", \"Time out\"]}}]"
  }
},
{
  "model": "admin.logentry",
  "pk": 140,
  "fields": {
    "action_time": "2024-11-09T08:13:22.040Z",
    "user": 1,
    "content_type": 9,
    "object_id": "140",
    "object_repr": "D4",
    "action_flag": 2,
    "change_message": "[{\"changed\": {\"fields\": [\"Time in\", \"Time out\"]}}]"
  }
},
{
  "model": "admin.logentry",
  "pk": 141,
  "fields": {
    "action_time": "2024-11-09T08:13:28.122Z",
    "user": 1,
    "content_type": 9,
    "object_id": "141",
    "object_repr": "D5",
    "action_flag": 2,
    "change_message": "[{\"changed\": {\"fields\": [\"Time in\", \"Time out\"]}}]"
  }
},
{
  "model": "admin.logentry",
  "pk": 142,
  "fields": {
    "action_time": "2024-11-09T08:15:24.669Z",
    "user": 1,
    "content_type": 9,
    "object_id": "144",
    "object_repr": "A13",
    "action_flag": 3,
    "change_message": ""
  }
},
{
  "model": "admin.logentry",
  "pk": 143,
  "fields": {
    "action_time": "2024-11-09T08:15:24.669Z",
    "user": 1,
    "content_type": 9,
    "object_id": "143",
    "object_repr": "A12",
    "action_flag": 3,
    "change_message": ""
  }
},
{
  "model": "admin.logentry",
  "pk": 144,
  "fields": {
    "action_time": "2024-11-09T08:15:24.669Z",
    "user": 1,
    "content_type": 9,
    "object_id": "142",
    "object_repr": "A11",
    "action_flag": 3,
    "change_message": ""
  }
},
{
  "model": "admin.logentry",
  "pk": 145,
  "fields": {
    "action_time": "2024-11-09T08:16:50.224Z",
    "user": 1,
    "content_type": 9,
    "object_id": "132",
    "object_repr": "A10",
    "action_flag": 3,
    "change_message": ""
  }
},
{
  "model": "admin.logentry",
  "pk": 146,
  "fields": {
    "action_time": "2024-11-09T08:16:50.224Z",
    "user": 1,
    "content_type": 9,
    "object_id": "131",
    "object_repr": "A9",
    "action_flag": 3,
    "change_message": ""
  }
},
{
  "model": "admin.logentry",
  "pk": 147,
  "fields": {
    "action_time": "2024-11-09T08:16:50.224Z",
    "user": 1,
    "content_type": 9,
    "object_id": "130",
    "object_repr": "A8",
    "action_flag": 3,
    "change_message": ""
  }
},
{
  "model": "admin.logentry",
  "pk": 148,
  "fields": {
    "action_time": "2024-11-09T08:16:50.224Z",
    "user": 1,
    "content_type": 9,
    "object_id": "129",
    "object_repr": "A7",
    "action_flag": 3,
    "change_message": ""
  }
},
{
  "model": "admin.logentry",
  "pk": 149,
  "fields": {
    "action_time": "2024-11-09T08:16:50.224Z",
    "user": 1,
    "content_type": 9,
    "object_id": "128",
    "object_repr": "A6",
    "action_flag": 3,
    "change_message": ""
  }
},
{
  "model": "admin.logentry",
  "pk": 150,
  "fields": {
    "action_time": "2024-11-09T08:16:50.224Z",
    "user": 1,
    "content_type": 9,
    "object_id": "127",
    "object_repr": "A5",
    "action_flag": 3,
    "change_message": ""
  }
},
{
  "model": "admin.logentry",
  "pk": 151,
  "fields": {
    "action_time": "2024-11-09T08:17:03.363Z",
    "user": 1,
    "content_type": 9,
    "object_id": "123",
    "object_repr": "A1",
    "action_flag": 2,
    "change_message": "[{\"changed\": {\"fields\": [\"Time in\", \"Time out\"]}}]"
  }
},
{
  "model": "admin.logentry",
  "pk": 152,
  "fields": {
    "action_time": "2024-11-09T08:17:11.505Z",
    "user": 1,
    "content_type": 9,
    "object_id": "124",
    "object_repr": "A2",
    "action_flag": 2,
    "change_message": "[{\"changed\": {\"fields\": [\"Time in\", \"Time out\"]}}]"
  }
},
{
  "model": "admin.logentry",
  "pk": 153,
  "fields": {
    "action_time": "2024-11-09T08:17:18.753Z",
    "user": 1,
    "content_type": 9,
    "object_id": "125",
    "object_repr": "A3",
    "action_flag": 2,
    "change_message": "[{\"changed\": {\"fields\": [\"Time in\", \"Time out\"]}}]"
  }
},
{
  "model": "admin.logentry",
  "pk": 154,
  "fields": {
    "action_time": "2024-11-09T08:17:25.482Z",
    "user": 1,
    "content_type": 9,
    "object_id": "126",
    "object_repr": "A4",
    "action_flag": 2,
    "change_message": "[{\"changed\": {\"fields\": [\"Time in\", \"Time out\"]}}]"
  }
},
{
  "model": "admin.logentry",
  "pk": 155,
  "fields": {
    "action_time": "2024-11-09T08:17:32.169Z",
    "user": 1,
    "content_type": 9,
    "object_id": "133",
    "object_repr": "B1",
    "action_flag": 2,
    "change_message": "[{\"changed\": {\"fields\": [\"Time in\", \"Time out\"]}}]"
  }
},
{
  "model": "admin.logentry",
  "pk": 156,
  "fields": {
    "action_time": "2024-11-09T08:17:38.200Z",
    "user": 1,
    "content_type": 9,
    "object_id": "134",
    "object_repr": "B2",
    "action_flag": 2,
    "change_message": "[{\"changed\": {\"fields\": [\"Time in\", \"Time out\"]}}]"
  }
},
{
  "model": "admin.logentry",
  "pk": 157,
  "fields": {
    "action_time": "2024-11-09T08:17:43.790Z",
    "user": 1,
    "content_type": 9,
    "object_id": "135",
    "object_repr": "C1",
    "action_flag": 2,
    "change_message": "[{\"changed\": {\"fields\": [\"Time in\", \"Time out\"]}}]"
  }
},
{
  "model": "admin.logentry",
  "pk": 158,
  "fields": {
    "action_time": "2024-11-09T08:17:49.822Z",
    "user": 1,
    "content_type": 9,
    "object_id": "137",
    "object_repr": "D1",
    "action_flag": 2,
    "change_message": "[{\"changed\": {\"fields\": [\"Time in\", \"Time out\"]}}]"
  }
},
{
  "model": "admin.logentry",
  "pk": 159,
  "fields": {
    "action_time": "2024-11-09T08:17:56.114Z",
    "user": 1,
    "content_type": 9,
    "object_id": "138",
    "object_repr": "D2",
    "action_flag": 2,
    "change_message": "[{\"changed\": {\"fields\": [\"Time in\", \"Time out\"]}}]"
  }
},
{
  "model": "admin.logentry",
  "pk": 160,
  "fields": {
    "action_time": "2024-11-09T08:18:02.226Z",
    "user": 1,
    "content_type": 9,
    "object_id": "139",
    "object_repr": "D3",
    "action_flag": 2,
    "change_message": "[{\"changed\": {\"fields\": [\"Time in\", \"Time out\"]}}]"
  }
},
{
  "model": "admin.logentry",
  "pk": 161,
  "fields": {
    "action_time": "2024-11-09T08:18:09.449Z",
    "user": 1,
    "content_type": 9,
    "object_id": "140",
    "object_repr": "D4",
    "action_flag": 2,
    "change_message": "[{\"changed\": {\"fields\": [\"Time in\", \"Time out\"]}}]"
  }
},
{
  "model": "admin.logentry",
  "pk": 162,
  "fields": {
    "action_time": "2024-11-09T08:18:15.511Z",
    "user": 1,
    "content_type": 9,
    "object_id": "141",
    "object_repr": "D5",
    "action_flag": 2,
    "change_message": "[{\"changed\": {\"fields\": [\"Time in\", \"Time out\"]}}]"
  }
},
{
  "model": "admin.logentry",
  "pk": 163,
  "fields": {
    "action_time": "2024-11-09T08:19:11.369Z",
    "user": 1,
    "content_type": 9,
    "object_id": "136",
    "object_repr": "C2",
    "action_flag": 2,
    "change_message": "[{\"changed\": {\"fields\": [\"Time in\", \"Time out\"]}}]"
  }
},
{
  "model": "admin.logentry",
  "pk": 164,
  "fields": {
    "action_time": "2024-11-09T08:20:23.534Z",
    "user": 1,
    "content_type": 9,
    "object_id": "145",
    "object_repr": "A1",
    "action_flag": 2,
    "change_message": "[{\"changed\": {\"fields\": [\"Time in\", \"Time out\"]}}]"
  }
},
{
  "model": "admin.logentry",
  "pk": 165,
  "fields": {
    "action_time": "2024-11-09T08:20:31.741Z",
    "user": 1,
    "content_type": 9,
    "object_id": "146",
    "object_repr": "A2",
    "action_flag": 2,
    "change_message": "[{\"changed\": {\"fields\": [\"Time in\", \"Time out\"]}}]"
  }
},
{
  "model": "admin.logentry",
  "pk": 166,
  "fields": {
    "action_time": "2024-11-09T08:20:43.159Z",
    "user": 1,
    "content_type": 9,
    "object_id": "147",
    "object_repr": "A3",
    "action_flag": 2,
    "change_message": "[{\"changed\": {\"fields\": [\"Time in\", \"Time out\"]}}]"
  }
},
{
  "model": "admin.logentry",
  "pk": 167,
  "fields": {
    "action_time": "2024-11-09T08:20:53.693Z",
    "user": 1,
    "content_type": 9,
    "object_id": "148",
    "object_repr": "C1",
    "action_flag": 2,
    "change_message": "[{\"changed\": {\"fields\": [\"Time in\", \"Time out\"]}}]"
  }
},
{
  "model": "admin.logentry",
  "pk": 168,
  "fields": {
    "action_time": "2024-11-09T08:21:07.820Z",
    "user": 1,
    "content_type": 9,
    "object_id": "149",
    "object_repr": "C2",
    "action_flag": 2,
    "change_message": "[{\"changed\": {\"fields\": [\"Time in\", \"Time out\"]}}]"
  }
},
{
  "model": "admin.logentry",
  "pk": 169,
  "fields": {
    "action_time": "2024-11-09T08:21:15.001Z",
    "user": 1,
    "content_type": 9,
    "object_id": "150",
    "object_repr": "D1",
    "action_flag": 2,
    "change_message": "[{\"changed\": {\"fields\": [\"Time in\", \"Time out\"]}}]"
  }
},
{
  "model": "admin.logentry",
  "pk": 170,
  "fields": {
    "action_time": "2024-11-09T08:21:27.295Z",
    "user": 1,
    "content_type": 9,
    "object_id": "151",
    "object_repr": "D2",
    "action_flag": 2,
    "change_message": "[{\"changed\": {\"fields\": [\"Time in\", \"Time out\"]}}]"
  }
},
{
  "model": "admin.logentry",
  "pk": 171,
  "fields": {
    "action_time": "2024-11-09T08:23:00.900Z",
    "user": 1,
    "content_type": 9,
    "object_id": "152",
    "object_repr": "A1",
    "action_flag": 2,
    "change_message": "[{\"changed\": {\"fields\": [\"Time in\", \"Time out\"]}}]"
  }
},
{
  "model": "admin.logentry",
  "pk": 172,
  "fields": {
    "action_time": "2024-11-09T08:23:13.010Z",
    "user": 1,
    "content_type": 9,
    "object_id": "153",
    "object_repr": "A2",
    "action_flag": 2,
    "change_message": "[{\"changed\": {\"fields\": [\"Time in\", \"Time out\"]}}]"
  }
},
{
  "model": "admin.logentry",
  "pk": 173,
  "fields": {
    "action_time": "2024-11-09T08:23:24.698Z",
    "user": 1,
    "content_type": 9,
    "object_id": "154",
    "object_repr": "D1",
    "action_flag": 2,
    "change_message": "[{\"changed\": {\"fields\": [\"Time in\", \"Time out\"]}}]"
  }
},
{
  "model": "admin.logentry",
  "pk": 174,
  "fields": {
    "action_time": "2024-11-09T08:23:34.420Z",
    "user": 1,
    "content_type": 9,
    "object_id": "155",
    "object_repr": "D2",
    "action_flag": 2,
    "change_message": "[{\"changed\": {\"fields\": [\"Time in\", \"Time out\"]}}]"
  }
},
{
  "model": "admin.logentry",
  "pk": 175,
  "fields": {
    "action_time": "2024-11-09T08:23:41.297Z",
    "user": 1,
    "content_type": 9,
    "object_id": "156",
    "object_repr": "D3",
    "action_flag": 2,
    "change_message": "[{\"changed\": {\"fields\": [\"Time in\", \"Time out\"]}}]"
  }
},
{
  "model": "admin.logentry",
  "pk": 176,
  "fields": {
    "action_time": "2024-11-09T08:23:51.451Z",
    "user": 1,
    "content_type": 9,
    "object_id": "157",
    "object_repr": "D4",
    "action_flag": 2,
    "change_message": "[{\"changed\": {\"fields\": [\"Time in\", \"Time out\"]}}]"
  }
},
{
  "model": "admin.logentry",
  "pk": 177,
  "fields": {
    "action_time": "2024-11-09T08:24:09.635Z",
    "user": 1,
    "content_type": 9,
    "object_id": "158",
    "object_repr": "C1",
    "action_flag": 2,
    "change_message": "[{\"changed\": {\"fields\": [\"Time in\", \"Time out\"]}}]"
  }
},
{
  "model": "admin.logentry",
  "pk": 178,
  "fields": {
    "action_time": "2024-11-09T08:24:23.448Z",
    "user": 1,
    "content_type": 9,
    "object_id": "159",
    "object_repr": "C2",
    "action_flag": 2,
    "change_message": "[{\"changed\": {\"fields\": [\"Time in\", \"Time out\"]}}]"
  }
},
{
  "model": "admin.logentry",
  "pk": 179,
  "fields": {
    "action_time": "2024-11-09T08:25:34.636Z",
    "user": 1,
    "content_type": 9,
    "object_id": "160",
    "object_repr": "A1",
    "action_flag": 2,
    "change_message": "[{\"changed\": {\"fields\": [\"Time in\", \"Time out\"]}}]"
  }
},
{
  "model": "admin.logentry",
  "pk": 180,
  "fields": {
    "action_time": "2024-11-09T08:25:40.376Z",
    "user": 1,
    "content_type": 9,
    "object_id": "161",
    "object_repr": "A2",
    "action_flag": 2,
    "change_message": "[{\"changed\": {\"fields\": [\"Time in\", \"Time out\"]}}]"
  }
},
{
  "model": "admin.logentry",
  "pk": 181,
  "fields": {
    "action_time": "2024-11-09T08:27:01.976Z",
    "user": 1,
    "content_type": 9,
    "object_id": "162",
    "object_repr": "B1",
    "action_flag": 2,
    "change_message": "[{\"changed\": {\"fields\": [\"Time in\", \"Time out\"]}}]"
  }
},
{
  "model": "admin.logentry",
  "pk": 182,
  "fields": {
    "action_time": "2024-11-09T08:27:09.043Z",
    "user": 1,
    "content_type": 9,
    "object_id": "163",
    "object_repr": "B2",
    "action_flag": 2,
    "change_message": "[{\"changed\": {\"fields\": [\"Time in\", \"Time out\"]}}]"
  }
},
{
  "model": "admin.logentry",
  "pk": 183,
  "fields": {
    "action_time": "2024-11-09T08:27:18.999Z",
    "user": 1,
    "content_type": 9,
    "object_id": "164",
    "object_repr": "A1",
    "action_flag": 2,
    "change_message": "[{\"changed\": {\"fields\": [\"Time in\", \"Time out\"]}}]"
  }
},
{
  "model": "admin.logentry",
  "pk": 184,
  "fields": {
    "action_time": "2024-11-09T08:27:29.868Z",
    "user": 1,
    "content_type": 9,
    "object_id": "165",
    "object_repr": "A2",
    "action_flag": 2,
    "change_message": "[{\"changed\": {\"fields\": [\"Time in\", \"Time out\"]}}]"
  }
},
{
  "model": "admin.logentry",
  "pk": 185,
  "fields": {
    "action_time": "2024-11-09T08:27:38.792Z",
    "user": 1,
    "content_type": 9,
    "object_id": "166",
    "object_repr": "D1",
    "action_flag": 2,
    "change_message": "[{\"changed\": {\"fields\": [\"Time in\", \"Time out\"]}}]"
  }
},
{
  "model": "admin.logentry",
  "pk": 186,
  "fields": {
    "action_time": "2024-11-09T08:27:48.329Z",
    "user": 1,
    "content_type": 9,
    "object_id": "167",
    "object_repr": "D2",
    "action_flag": 2,
    "change_message": "[{\"changed\": {\"fields\": [\"Time in\", \"Time out\"]}}]"
  }
},
{
  "model": "admin.logentry",
  "pk": 187,
  "fields": {
    "action_time": "2024-11-09T08:30:05.323Z",
    "user": 1,
    "content_type": 9,
    "object_id": "168",
    "object_repr": "A1",
    "action_flag": 2,
    "change_message": "[{\"changed\": {\"fields\": [\"Time in\", \"Time out\"]}}]"
  }
},
{
  "model": "admin.logentry",
  "pk": 188,
  "fields": {
    "action_time": "2024-11-09T08:30:16.187Z",
    "user": 1,
    "content_type": 9,
    "object_id": "169",
    "object_repr": "A2",
    "action_flag": 2,
    "change_message": "[{\"changed\": {\"fields\": [\"Time in\", \"Time out\"]}}]"
  }
},
{
  "model": "admin.logentry",
  "pk": 189,
  "fields": {
    "action_time": "2024-11-09T08:30:29.604Z",
    "user": 1,
    "content_type": 9,
    "object_id": "170",
    "object_repr": "A3",
    "action_flag": 2,
    "change_message": "[{\"changed\": {\"fields\": [\"Time in\", \"Time out\"]}}]"
  }
},
{
  "model": "admin.logentry",
  "pk": 190,
  "fields": {
    "action_time": "2024-11-09T08:30:42.093Z",
    "user": 1,
    "content_type": 9,
    "object_id": "171",
    "object_repr": "A4",
    "action_flag": 2,
    "change_message": "[{\"changed\": {\"fields\": [\"Time in\", \"Time out\"]}}]"
  }
},
{
  "model": "admin.logentry",
  "pk": 191,
  "fields": {
    "action_time": "2024-11-09T08:30:52.060Z",
    "user": 1,
    "content_type": 9,
    "object_id": "172",
    "object_repr": "A5",
    "action_flag": 2,
    "change_message": "[{\"changed\": {\"fields\": [\"Time in\", \"Time out\"]}}]"
  }
},
{
  "model": "admin.logentry",
  "pk": 192,
  "fields": {
    "action_time": "2024-11-09T08:31:00.681Z",
    "user": 1,
    "content_type": 9,
    "object_id": "173",
    "object_repr": "A6",
    "action_flag": 2,
    "change_message": "[{\"changed\": {\"fields\": [\"Time in\", \"Time out\"]}}]"
  }
},
{
  "model": "admin.logentry",
  "pk": 193,
  "fields": {
    "action_time": "2024-11-09T08:31:14.223Z",
    "user": 1,
    "content_type": 9,
    "object_id": "174",
    "object_repr": "A7",
    "action_flag": 2,
    "change_message": "[{\"changed\": {\"fields\": [\"Time in\", \"Time out\"]}}]"
  }
},
{
  "model": "admin.logentry",
  "pk": 194,
  "fields": {
    "action_time": "2024-11-09T08:31:21.980Z",
    "user": 1,
    "content_type": 9,
    "object_id": "175",
    "object_repr": "A8",
    "action_flag": 2,
    "change_message": "[{\"changed\": {\"fields\": [\"Time in\", \"Time out\"]}}]"
  }
},
{
  "model": "admin.logentry",
  "pk": 195,
  "fields": {
    "action_time": "2024-11-09T08:31:27.586Z",
    "user": 1,
    "content_type": 9,
    "object_id": "176",
    "object_repr": "A9",
    "action_flag": 2,
    "change_message": "[{\"changed\": {\"fields\": [\"Time in\", \"Time out\"]}}]"
  }
},
{
  "model": "admin.logentry",
  "pk": 196,
  "fields": {
    "action_time": "2024-11-09T08:31:38.726Z",
    "user": 1,
    "content_type": 9,
    "object_id": "177",
    "object_repr": "A10",
    "action_flag": 2,
    "change_message": "[{\"changed\": {\"fields\": [\"Time in\", \"Time out\"]}}]"
  }
},
{
  "model": "admin.logentry",
  "pk": 197,
  "fields": {
    "action_time": "2024-11-09T08:31:49.024Z",
    "user": 1,
    "content_type": 9,
    "object_id": "178",
    "object_repr": "A11",
    "action_flag": 2,
    "change_message": "[{\"changed\": {\"fields\": [\"Time in\", \"Time out\"]}}]"
  }
},
{
  "model": "admin.logentry",
  "pk": 198,
  "fields": {
    "action_time": "2024-11-09T08:31:59.696Z",
    "user": 1,
    "content_type": 9,
    "object_id": "179",
    "object_repr": "A12",
    "action_flag": 2,
    "change_message": "[{\"changed\": {\"fields\": [\"Time in\", \"Time out\"]}}]"
  }
},
{
  "model": "admin.logentry",
  "pk": 199,
  "fields": {
    "action_time": "2024-11-09T08:32:09.254Z",
    "user": 1,
    "content_type": 9,
    "object_id": "180",
    "object_repr": "C1",
    "action_flag": 2,
    "change_message": "[{\"changed\": {\"fields\": [\"Time in\", \"Time out\"]}}]"
  }
},
{
  "model": "admin.logentry",
  "pk": 200,
  "fields": {
    "action_time": "2024-11-09T08:32:19.686Z",
    "user": 1,
    "content_type": 9,
    "object_id": "181",
    "object_repr": "C2",
    "action_flag": 2,
    "change_message": "[{\"changed\": {\"fields\": [\"Time in\", \"Time out\"]}}]"
  }
},
{
  "model": "admin.logentry",
  "pk": 201,
  "fields": {
    "action_time": "2024-11-09T08:32:30.283Z",
    "user": 1,
    "content_type": 9,
    "object_id": "182",
    "object_repr": "D1",
    "action_flag": 2,
    "change_message": "[{\"changed\": {\"fields\": [\"Time in\", \"Time out\"]}}]"
  }
},
{
  "model": "admin.logentry",
  "pk": 202,
  "fields": {
    "action_time": "2024-11-09T08:32:43.389Z",
    "user": 1,
    "content_type": 9,
    "object_id": "183",
    "object_repr": "D2",
    "action_flag": 2,
    "change_message": "[{\"changed\": {\"fields\": [\"Time in\", \"Time out\"]}}]"
  }
},
{
  "model": "admin.logentry",
  "pk": 203,
  "fields": {
    "action_time": "2024-11-09T08:32:50.039Z",
    "user": 1,
    "content_type": 9,
    "object_id": "184",
    "object_repr": "D3",
    "action_flag": 2,
    "change_message": "[{\"changed\": {\"fields\": [\"Time in\", \"Time out\"]}}]"
  }
},
{
  "model": "admin.logentry",
  "pk": 204,
  "fields": {
    "action_time": "2024-11-09T08:32:59.115Z",
    "user": 1,
    "content_type": 9,
    "object_id": "185",
    "object_repr": "D4",
    "action_flag": 2,
    "change_message": "[{\"changed\": {\"fields\": [\"Time in\", \"Time out\"]}}]"
  }
},
{
  "model": "admin.logentry",
  "pk": 205,
  "fields": {
    "action_time": "2024-11-09T08:33:10.297Z",
    "user": 1,
    "content_type": 9,
    "object_id": "186",
    "object_repr": "D5",
    "action_flag": 2,
    "change_message": "[{\"changed\": {\"fields\": [\"Time in\", \"Time out\"]}}]"
  }
},
{
  "model": "admin.logentry",
  "pk": 206,
  "fields": {
    "action_time": "2024-11-09T10:38:35.055Z",
    "user": 1,
    "content_type": 7,
    "object_id": "4",
    "object_repr": "TestAirport",
    "action_flag": 1,
    "change_message": "[{\"added\": {}}]"
  }
},
{
  "model": "admin.logentry",
  "pk": 207,
  "fields": {
    "action_time": "2024-11-09T10:38:47.842Z",
    "user": 1,
    "content_type": 8,
    "object_id": "9",
    "object_repr": "Check-in",
    "action_flag": 1,
    "change_message": "[{\"added\": {}}]"
  }
},
{
  "model": "admin.logentry",
  "pk": 208,
  "fields": {
    "action_time": "2024-11-09T10:47:26.528Z",
    "user": 1,
    "content_type": 9,
    "object_id": "204",
    "object_repr": "A1",
    "action_flag": 3,
    "change_message": ""
  }
},
{
  "model": "admin.logentry",
  "pk": 209,
  "fields": {
    "action_time": "2024-11-09T13:21:44.031Z",
    "user": 1,
    "content_type": 9,
    "object_id": "208",
    "object_repr": "A4",
    "action_flag": 3,
    "change_message": ""
  }
},
{
  "model": "admin.logentry",
  "pk": 210,
  "fields": {
    "action_time": "2024-11-09T13:21:44.031Z",
    "user": 1,
    "content_type": 9,
    "object_id": "207",
    "object_repr": "A3",
    "action_flag": 3,
    "change_message": ""
  }
},
{
  "model": "admin.logentry",
  "pk": 211,
  "fields": {
    "action_time": "2024-11-09T13:21:44.031Z",
    "user": 1,
    "content_type": 9,
    "object_id": "206",
    "object_repr": "A2",
    "action_flag": 3,
    "change_message": ""
  }
},
{
  "model": "admin.logentry",
  "pk": 212,
  "fields": {
    "action_time": "2024-11-09T13:21:44.031Z",
    "user": 1,
    "content_type": 9,
    "object_id": "205",
    "object_repr": "A1",
    "action_flag": 3,
    "change_message": ""
  }
},
{
  "model": "admin.logentry",
  "pk": 213,
  "fields": {
    "action_time": "2024-11-09T13:26:43.610Z",
    "user": 1,
    "content_type": 9,
    "object_id": "212",
    "object_repr": "B1",
    "action_flag": 3,
    "change_message": ""
  }
},
{
  "model": "admin.logentry",
  "pk": 214,
  "fields": {
    "action_time": "2024-11-09T13:26:43.610Z",
    "user": 1,
    "content_type": 9,
    "object_id": "211",
    "object_repr": "A3",
    "action_flag": 3,
    "change_message": ""
  }
},
{
  "model": "admin.logentry",
  "pk": 215,
  "fields": {
    "action_time": "2024-11-09T13:26:43.610Z",
    "user": 1,
    "content_type": 9,
    "object_id": "210",
    "object_repr": "A2",
    "action_flag": 3,
    "change_message": ""
  }
},
{
  "model": "admin.logentry",
  "pk": 216,
  "fields": {
    "action_time": "2024-11-09T13:26:43.610Z",
    "user": 1,
    "content_type": 9,
    "object_id": "209",
    "object_repr": "A1",
    "action_flag": 3,
    "change_message": ""
  }
},
{
  "model": "admin.logentry",
  "pk": 217,
  "fields": {
    "action_time": "2024-11-09T13:27:09.600Z",
    "user": 1,
    "content_type": 7,
    "object_id": "4",
    "object_repr": "TestSalon",
    "action_flag": 2,
    "change_message": "[{\"changed\": {\"fields\": [\"Name\", \"Open time\", \"Close time\"]}}]"
  }
},
{
  "model": "admin.logentry",
  "pk": 218,
  "fields": {
    "action_time": "2024-11-09T13:29:29.387Z",
    "user": 1,
    "content_type": 9,
    "object_id": "213",
    "object_repr": "A1",
    "action_flag": 2,
    "change_message": "[{\"changed\": {\"fields\": [\"Time in\", \"Time out\"]}}]"
  }
},
{
  "model": "admin.logentry",
  "pk": 219,
  "fields": {
    "action_time": "2024-11-09T13:30:00.245Z",
    "user": 1,
    "content_type": 9,
    "object_id": "214",
    "object_repr": "A2",
    "action_flag": 2,
    "change_message": "[{\"changed\": {\"fields\": [\"Time in\", \"Time out\"]}}]"
  }
},
{
  "model": "admin.logentry",
  "pk": 220,
  "fields": {
    "action_time": "2024-11-09T13:30:20.818Z",
    "user": 1,
    "content_type": 9,
    "object_id": "215",
    "object_repr": "B1",
    "action_flag": 2,
    "change_message": "[{\"changed\": {\"fields\": [\"Time in\", \"Time out\"]}}]"
  }
},
{
  "model": "admin.logentry",
  "pk": 221,
  "fields": {
    "action_time": "2024-11-09T13:30:37.816Z",
    "user": 1,
    "content_type": 9,
    "object_id": "216",
    "object_repr": "C1",
    "action_flag": 2,
    "change_message": "[{\"changed\": {\"fields\": [\"Time in\", \"Time out\"]}}]"
  }
},
{
  "model": "admin.logentry",
  "pk": 222,
  "fields": {
    "action_time": "2024-11-09T13:30:53.728Z",
    "user": 1,
    "content_type": 9,
    "object_id": "217",
    "object_repr": "D1",
    "action_flag": 2,
    "change_message": "[{\"changed\": {\"fields\": [\"Time in\", \"Time out\"]}}]"
  }
},
{
  "model": "admin.logentry",
  "pk": 223,
  "fields": {
    "action_time": "2024-11-09T13:31:35.149Z",
    "user": 1,
    "content_type": 9,
    "object_id": "218",
    "object_repr": "D2",
    "action_flag": 2,
    "change_message": "[{\"changed\": {\"fields\": [\"Time in\", \"Time out\"]}}]"
  }
},
{
  "model": "admin.logentry",
  "pk": 224,
  "fields": {
    "action_time": "2024-11-09T13:33:12.417Z",
    "user": 1,
    "content_type": 9,
    "object_id": "219",
    "object_repr": "C1",
    "action_flag": 2,
    "change_message": "[{\"changed\": {\"fields\": [\"Time in\", \"Time out\"]}}]"
  }
},
{
  "model": "admin.logentry",
  "pk": 225,
  "fields": {
    "action_time": "2024-11-09T13:33:30.818Z",
    "user": 1,
    "content_type": 9,
    "object_id": "220",
    "object_repr": "C2",
    "action_flag": 2,
    "change_message": "[{\"changed\": {\"fields\": [\"Time in\", \"Time out\"]}}]"
  }
},
{
  "model": "admin.logentry",
  "pk": 226,
  "fields": {
    "action_time": "2024-11-09T13:33:48.729Z",
    "user": 1,
    "content_type": 9,
    "object_id": "221",
    "object_repr": "C3",
    "action_flag": 2,
    "change_message": "[{\"changed\": {\"fields\": [\"Time in\", \"Time out\"]}}]"
  }
},
{
  "model": "admin.logentry",
  "pk": 227,
  "fields": {
    "action_time": "2024-11-09T13:34:24.812Z",
    "user": 1,
    "content_type": 7,
    "object_id": "4",
    "object_repr": "TestSalon",
    "action_flag": 2,
    "change_message": "[{\"changed\": {\"fields\": [\"Close time\"]}}]"
  }
},
{
  "model": "admin.logentry",
  "pk": 228,
  "fields": {
    "action_time": "2024-11-09T13:36:52.959Z",
    "user": 1,
    "content_type": 9,
    "object_id": "224",
    "object_repr": "B1",
    "action_flag": 2,
    "change_message": "[{\"changed\": {\"fields\": [\"Time in\", \"Time out\"]}}]"
  }
},
{
  "model": "admin.logentry",
  "pk": 229,
  "fields": {
    "action_time": "2024-11-09T13:37:10.768Z",
    "user": 1,
    "content_type": 9,
    "object_id": "222",
    "object_repr": "A1",
    "action_flag": 2,
    "change_message": "[{\"changed\": {\"fields\": [\"Time in\", \"Time out\"]}}]"
  }
},
{
  "model": "admin.logentry",
  "pk": 230,
  "fields": {
    "action_time": "2024-11-09T13:37:25.954Z",
    "user": 1,
    "content_type": 9,
    "object_id": "223",
    "object_repr": "A2",
    "action_flag": 2,
    "change_message": "[{\"changed\": {\"fields\": [\"Time in\", \"Time out\"]}}]"
  }
},
{
  "model": "admin.logentry",
  "pk": 231,
  "fields": {
    "action_time": "2024-11-09T13:38:23.134Z",
    "user": 1,
    "content_type": 9,
    "object_id": "226",
    "object_repr": "C1",
    "action_flag": 2,
    "change_message": "[{\"changed\": {\"fields\": [\"Time in\", \"Time out\"]}}]"
  }
},
{
  "model": "admin.logentry",
  "pk": 232,
  "fields": {
    "action_time": "2024-11-09T13:38:33.271Z",
    "user": 1,
    "content_type": 9,
    "object_id": "225",
    "object_repr": "B1",
    "action_flag": 2,
    "change_message": "[{\"changed\": {\"fields\": [\"Time in\", \"Time out\"]}}]"
  }
},
{
  "model": "admin.logentry",
  "pk": 233,
  "fields": {
    "action_time": "2024-11-09T13:45:20.580Z",
    "user": 1,
    "content_type": 9,
    "object_id": "227",
    "object_repr": "A1",
    "action_flag": 2,
    "change_message": "[{\"changed\": {\"fields\": [\"Time in\", \"Time out\"]}}]"
  }
},
{
  "model": "admin.logentry",
  "pk": 234,
  "fields": {
    "action_time": "2024-11-09T13:45:43.820Z",
    "user": 1,
    "content_type": 9,
    "object_id": "228",
    "object_repr": "A2",
    "action_flag": 2,
    "change_message": "[{\"changed\": {\"fields\": [\"Time in\", \"Time out\"]}}]"
  }
},
{
  "model": "admin.logentry",
  "pk": 235,
  "fields": {
    "action_time": "2024-11-09T13:45:59.613Z",
    "user": 1,
    "content_type": 9,
    "object_id": "229",
    "object_repr": "A3",
    "action_flag": 2,
    "change_message": "[{\"changed\": {\"fields\": [\"Time in\", \"Time out\"]}}]"
  }
},
{
  "model": "admin.logentry",
  "pk": 236,
  "fields": {
    "action_time": "2024-11-09T13:46:46.957Z",
    "user": 1,
    "content_type": 9,
    "object_id": "230",
    "object_repr": "D1",
    "action_flag": 2,
    "change_message": "[{\"changed\": {\"fields\": [\"Time in\", \"Time out\"]}}]"
  }
},
{
  "model": "admin.logentry",
  "pk": 237,
  "fields": {
    "action_time": "2024-11-09T13:47:08.054Z",
    "user": 1,
    "content_type": 9,
    "object_id": "231",
    "object_repr": "D2",
    "action_flag": 2,
    "change_message": "[{\"changed\": {\"fields\": [\"Time in\", \"Time out\"]}}]"
  }
},
{
  "model": "admin.logentry",
  "pk": 238,
  "fields": {
    "action_time": "2024-11-09T13:47:14.682Z",
    "user": 1,
    "content_type": 9,
    "object_id": "232",
    "object_repr": "D3",
    "action_flag": 2,
    "change_message": "[{\"changed\": {\"fields\": [\"Time in\", \"Time out\"]}}]"
  }
},
{
  "model": "admin.logentry",
  "pk": 239,
  "fields": {
    "action_time": "2024-11-09T13:47:20.691Z",
    "user": 1,
    "content_type": 9,
    "object_id": "233",
    "object_repr": "D4",
    "action_flag": 2,
    "change_message": "[{\"changed\": {\"fields\": [\"Time in\", \"Time out\"]}}]"
  }
},
{
  "model": "admin.logentry",
  "pk": 240,
  "fields": {
    "action_time": "2024-11-09T13:48:22.217Z",
    "user": 1,
    "content_type": 9,
    "object_id": "234",
    "object_repr": "C1",
    "action_flag": 2,
    "change_message": "[{\"changed\": {\"fields\": [\"Time in\", \"Time out\"]}}]"
  }
},
{
  "model": "admin.logentry",
  "pk": 241,
  "fields": {
    "action_time": "2024-11-09T13:48:35.483Z",
    "user": 1,
    "content_type": 9,
    "object_id": "235",
    "object_repr": "C2",
    "action_flag": 2,
    "change_message": "[{\"changed\": {\"fields\": [\"Time in\", \"Time out\"]}}]"
  }
},
{
  "model": "admin.logentry",
  "pk": 242,
  "fields": {
    "action_time": "2024-11-09T13:48:49.526Z",
    "user": 1,
    "content_type": 9,
    "object_id": "236",
    "object_repr": "C3",
    "action_flag": 2,
    "change_message": "[{\"changed\": {\"fields\": [\"Time in\", \"Time out\"]}}]"
  }
},
{
  "model": "admin.logentry",
  "pk": 243,
  "fields": {
    "action_time": "2024-11-09T13:49:01.781Z",
    "user": 1,
    "content_type": 9,
    "object_id": "237",
    "object_repr": "B1",
    "action_flag": 2,
    "change_message": "[{\"changed\": {\"fields\": [\"Time in\", \"Time out\"]}}]"
  }
},
{
  "model": "admin.logentry",
  "pk": 244,
  "fields": {
    "action_time": "2024-11-09T13:49:15.071Z",
    "user": 1,
    "content_type": 9,
    "object_id": "238",
    "object_repr": "B2",
    "action_flag": 2,
    "change_message": "[{\"changed\": {\"fields\": [\"Time in\", \"Time out\"]}}]"
  }
},
{
  "model": "admin.logentry",
  "pk": 245,
  "fields": {
    "action_time": "2024-11-09T13:59:33.698Z",
    "user": 1,
    "content_type": 9,
    "object_id": "239",
    "object_repr": "B1",
    "action_flag": 2,
    "change_message": "[{\"changed\": {\"fields\": [\"Time in\", \"Time out\"]}}]"
  }
},
{
  "model": "admin.logentry",
  "pk": 246,
  "fields": {
    "action_time": "2024-11-09T14:00:03.781Z",
    "user": 1,
    "content_type": 9,
    "object_id": "240",
    "object_repr": "B2",
    "action_flag": 2,
    "change_message": "[{\"changed\": {\"fields\": [\"Time in\", \"Time out\"]}}]"
  }
},
{
  "model": "admin.logentry",
  "pk": 247,
  "fields": {
    "action_time": "2024-11-09T14:00:18.053Z",
    "user": 1,
    "content_type": 9,
    "object_id": "241",
    "object_repr": "A1",
    "action_flag": 2,
    "change_message": "[{\"changed\": {\"fields\": [\"Time in\", \"Time out\"]}}]"
  }
},
{
  "model": "admin.logentry",
  "pk": 248,
  "fields": {
    "action_time": "2024-11-09T14:00:31.664Z",
    "user": 1,
    "content_type": 9,
    "object_id": "242",
    "object_repr": "C1",
    "action_flag": 2,
    "change_message": "[{\"changed\": {\"fields\": [\"Time in\", \"Time out\"]}}]"
  }
},
{
  "model": "admin.logentry",
  "pk": 249,
  "fields": {
    "action_time": "2024-11-09T14:03:47.094Z",
    "user": 1,
    "content_type": 9,
    "object_id": "213",
    "object_repr": "A1",
    "action_flag": 2,
    "change_message": "[{\"changed\": {\"fields\": [\"Time in\", \"Time out\"]}}]"
  }
},
{
  "model": "admin.logentry",
  "pk": 250,
  "fields": {
    "action_time": "2024-11-09T14:04:02.380Z",
    "user": 1,
    "content_type": 9,
    "object_id": "214",
    "object_repr": "A2",
    "action_flag": 2,
    "change_message": "[{\"changed\": {\"fields\": [\"Time in\", \"Time out\"]}}]"
  }
},
{
  "model": "admin.logentry",
  "pk": 251,
  "fields": {
    "action_time": "2024-11-09T14:04:33.702Z",
    "user": 1,
    "content_type": 9,
    "object_id": "215",
    "object_repr": "B1",
    "action_flag": 2,
    "change_message": "[{\"changed\": {\"fields\": [\"Time in\", \"Time out\"]}}]"
  }
},
{
  "model": "admin.logentry",
  "pk": 252,
  "fields": {
    "action_time": "2024-11-09T14:04:49.483Z",
    "user": 1,
    "content_type": 9,
    "object_id": "216",
    "object_repr": "C1",
    "action_flag": 2,
    "change_message": "[{\"changed\": {\"fields\": [\"Time in\", \"Time out\"]}}]"
  }
},
{
  "model": "admin.logentry",
  "pk": 253,
  "fields": {
    "action_time": "2024-11-09T14:05:13.367Z",
    "user": 1,
    "content_type": 9,
    "object_id": "217",
    "object_repr": "D1",
    "action_flag": 2,
    "change_message": "[{\"changed\": {\"fields\": [\"Time in\", \"Time out\"]}}]"
  }
},
{
  "model": "admin.logentry",
  "pk": 254,
  "fields": {
    "action_time": "2024-11-09T14:05:25.816Z",
    "user": 1,
    "content_type": 9,
    "object_id": "218",
    "object_repr": "D2",
    "action_flag": 2,
    "change_message": "[{\"changed\": {\"fields\": [\"Time in\", \"Time out\"]}}]"
  }
},
{
  "model": "admin.logentry",
  "pk": 255,
  "fields": {
    "action_time": "2024-11-09T14:08:43.746Z",
    "user": 1,
    "content_type": 9,
    "object_id": "243",
    "object_repr": "A1",
    "action_flag": 2,
    "change_message": "[{\"changed\": {\"fields\": [\"Time in\", \"Time out\"]}}]"
  }
},
{
  "model": "admin.logentry",
  "pk": 256,
  "fields": {
    "action_time": "2024-11-09T14:09:01.024Z",
    "user": 1,
    "content_type": 9,
    "object_id": "244",
    "object_repr": "A2",
    "action_flag": 2,
    "change_message": "[{\"changed\": {\"fields\": [\"Time in\", \"Time out\"]}}]"
  }
},
{
  "model": "admin.logentry",
  "pk": 257,
  "fields": {
    "action_time": "2024-11-09T14:09:38.386Z",
    "user": 1,
    "content_type": 9,
    "object_id": "245",
    "object_repr": "D1",
    "action_flag": 2,
    "change_message": "[{\"changed\": {\"fields\": [\"Time in\", \"Time out\"]}}]"
  }
},
{
  "model": "admin.logentry",
  "pk": 258,
  "fields": {
    "action_time": "2024-11-09T14:10:08.564Z",
    "user": 1,
    "content_type": 9,
    "object_id": "246",
    "object_repr": "C1",
    "action_flag": 2,
    "change_message": "[{\"changed\": {\"fields\": [\"Time in\", \"Time out\"]}}]"
  }
},
{
  "model": "admin.logentry",
  "pk": 259,
  "fields": {
    "action_time": "2024-11-09T14:10:26.120Z",
    "user": 1,
    "content_type": 9,
    "object_id": "247",
    "object_repr": "C2",
    "action_flag": 2,
    "change_message": "[{\"changed\": {\"fields\": [\"Time in\", \"Time out\"]}}]"
  }
},
{
  "model": "admin.logentry",
  "pk": 260,
  "fields": {
    "action_time": "2024-11-09T14:10:51.593Z",
    "user": 1,
    "content_type": 9,
    "object_id": "248",
    "object_repr": "B1",
    "action_flag": 2,
    "change_message": "[{\"changed\": {\"fields\": [\"Time in\", \"Time out\"]}}]"
  }
},
{
  "model": "admin.logentry",
  "pk": 261,
  "fields": {
    "action_time": "2024-11-09T14:11:25.680Z",
    "user": 1,
    "content_type": 9,
    "object_id": "249",
    "object_repr": "B1",
    "action_flag": 2,
    "change_message": "[{\"changed\": {\"fields\": [\"Time in\", \"Time out\"]}}]"
  }
},
{
  "model": "admin.logentry",
  "pk": 262,
  "fields": {
    "action_time": "2024-11-09T14:11:55.951Z",
    "user": 1,
    "content_type": 9,
    "object_id": "250",
    "object_repr": "B2",
    "action_flag": 2,
    "change_message": "[{\"changed\": {\"fields\": [\"Time in\", \"Time out\"]}}]"
  }
},
{
  "model": "admin.logentry",
  "pk": 263,
  "fields": {
    "action_time": "2024-11-09T14:13:02.005Z",
    "user": 1,
    "content_type": 9,
    "object_id": "252",
    "object_repr": "A1",
    "action_flag": 2,
    "change_message": "[{\"changed\": {\"fields\": [\"Time in\", \"Time out\"]}}]"
  }
},
{
  "model": "admin.logentry",
  "pk": 264,
  "fields": {
    "action_time": "2024-11-09T14:13:15.876Z",
    "user": 1,
    "content_type": 9,
    "object_id": "253",
    "object_repr": "A2",
    "action_flag": 2,
    "change_message": "[{\"changed\": {\"fields\": [\"Time in\", \"Time out\"]}}]"
  }
},
{
  "model": "admin.logentry",
  "pk": 265,
  "fields": {
    "action_time": "2024-11-09T14:13:28.866Z",
    "user": 1,
    "content_type": 9,
    "object_id": "254",
    "object_repr": "A3",
    "action_flag": 2,
    "change_message": "[{\"changed\": {\"fields\": [\"Time in\", \"Time out\"]}}]"
  }
},
{
  "model": "admin.logentry",
  "pk": 266,
  "fields": {
    "action_time": "2024-11-09T14:13:34.851Z",
    "user": 1,
    "content_type": 9,
    "object_id": "255",
    "object_repr": "A4",
    "action_flag": 2,
    "change_message": "[{\"changed\": {\"fields\": [\"Time in\", \"Time out\"]}}]"
  }
},
{
  "model": "auth.permission",
  "pk": 1,
  "fields": {
    "name": "Can add log entry",
    "content_type": 1,
    "codename": "add_logentry"
  }
},
{
  "model": "auth.permission",
  "pk": 2,
  "fields": {
    "name": "Can change log entry",
    "content_type": 1,
    "codename": "change_logentry"
  }
},
{
  "model": "auth.permission",
  "pk": 3,
  "fields": {
    "name": "Can delete log entry",
    "content_type": 1,
    "codename": "delete_logentry"
  }
},
{
  "model": "auth.permission",
  "pk": 4,
  "fields": {
    "name": "Can view log entry",
    "content_type": 1,
    "codename": "view_logentry"
  }
},
{
  "model": "auth.permission",
  "pk": 5,
  "fields": {
    "name": "Can add permission",
    "content_type": 2,
    "codename": "add_permission"
  }
},
{
  "model": "auth.permission",
  "pk": 6,
  "fields": {
    "name": "Can change permission",
    "content_type": 2,
    "codename": "change_permission"
  }
},
{
  "model": "auth.permission",
  "pk": 7,
  "fields": {
    "name": "Can delete permission",
    "content_type": 2,
    "codename": "delete_permission"
  }
},
{
  "model": "auth.permission",
  "pk": 8,
  "fields": {
    "name": "Can view permission",
    "content_type": 2,
    "codename": "view_permission"
  }
},
{
  "model": "auth.permission",
  "pk": 9,
  "fields": {
    "name": "Can add group",
    "content_type": 3,
    "codename": "add_group"
  }
},
{
  "model": "auth.permission",
  "pk": 10,
  "fields": {
    "name": "Can change group",
    "content_type": 3,
    "codename": "change_group"
  }
},
{
  "model": "auth.permission",
  "pk": 11,
  "fields": {
    "name": "Can delete group",
    "content_type": 3,
    "codename": "delete_group"
  }
},
{
  "model": "auth.permission",
  "pk": 12,
  "fields": {
    "name": "Can view group",
    "content_type": 3,
    "codename": "view_group"
  }
},
{
  "model": "auth.permission",
  "pk": 13,
  "fields": {
    "name": "Can add user",
    "content_type": 4,
    "codename": "add_user"
  }
},
{
  "model": "auth.permission",
  "pk": 14,
  "fields": {
    "name": "Can change user",
    "content_type": 4,
    "codename": "change_user"
  }
},
{
  "model": "auth.permission",
  "pk": 15,
  "fields": {
    "name": "Can delete user",
    "content_type": 4,
    "codename": "delete_user"
  }
},
{
  "model": "auth.permission",
  "pk": 16,
  "fields": {
    "name": "Can view user",
    "content_type": 4,
    "codename": "view_user"
  }
},
{
  "model": "auth.permission",
  "pk": 17,
  "fields": {
    "name": "Can add content type",
    "content_type": 5,
    "codename": "add_contenttype"
  }
},
{
  "model": "auth.permission",
  "pk": 18,
  "fields": {
    "name": "Can change content type",
    "content_type": 5,
    "codename": "change_contenttype"
  }
},
{
  "model": "auth.permission",
  "pk": 19,
  "fields": {
    "name": "Can delete content type",
    "content_type": 5,
    "codename": "delete_contenttype"
  }
},
{
  "model": "auth.permission",
  "pk": 20,
  "fields": {
    "name": "Can view content type",
    "content_type": 5,
    "codename": "view_contenttype"
  }
},
{
  "model": "auth.permission",
  "pk": 21,
  "fields": {
    "name": "Can add session",
    "content_type": 6,
    "codename": "add_session"
  }
},
{
  "model": "auth.permission",
  "pk": 22,
  "fields": {
    "name": "Can change session",
    "content_type": 6,
    "codename": "change_session"
  }
},
{
  "model": "auth.permission",
  "pk": 23,
  "fields": {
    "name": "Can delete session",
    "content_type": 6,
    "codename": "delete_session"
  }
},
{
  "model": "auth.permission",
  "pk": 24,
  "fields": {
    "name": "Can view session",
    "content_type": 6,
    "codename": "view_session"
  }
},
{
  "model": "auth.permission",
  "pk": 25,
  "fields": {
    "name": "Can add business",
    "content_type": 7,
    "codename": "add_business"
  }
},
{
  "model": "auth.permission",
  "pk": 26,
  "fields": {
    "name": "Can change business",
    "content_type": 7,
    "codename": "change_business"
  }
},
{
  "model": "auth.permission",
  "pk": 27,
  "fields": {
    "name": "Can delete business",
    "content_type": 7,
    "codename": "delete_business"
  }
},
{
  "model": "auth.permission",
  "pk": 28,
  "fields": {
    "name": "Can view business",
    "content_type": 7,
    "codename": "view_business"
  }
},
{
  "model": "auth.permission",
  "pk": 29,
  "fields": {
    "name": "Can add queue",
    "content_type": 8,
    "codename": "add_queue"
  }
},
{
  "model": "auth.permission",
  "pk": 30,
  "fields": {
    "name": "Can change queue",
    "content_type": 8,
    "codename": "change_queue"
  }
},
{
  "model": "auth.permission",
  "pk": 31,
  "fields": {
    "name": "Can delete queue",
    "content_type": 8,
    "codename": "delete_queue"
  }
},
{
  "model": "auth.permission",
  "pk": 32,
  "fields": {
    "name": "Can view queue",
    "content_type": 8,
    "codename": "view_queue"
  }
},
{
  "model": "auth.permission",
  "pk": 33,
  "fields": {
    "name": "Can add entry",
    "content_type": 9,
    "codename": "add_entry"
  }
},
{
  "model": "auth.permission",
  "pk": 34,
  "fields": {
    "name": "Can change entry",
    "content_type": 9,
    "codename": "change_entry"
  }
},
{
  "model": "auth.permission",
  "pk": 35,
  "fields": {
    "name": "Can delete entry",
    "content_type": 9,
    "codename": "delete_entry"
  }
},
{
  "model": "auth.permission",
  "pk": 36,
  "fields": {
    "name": "Can view entry",
    "content_type": 9,
    "codename": "view_entry"
  }
},
{
  "model": "auth.user",
  "pk": 1,
  "fields": {
    "password": "pbkdf2_sha256$870000$irh2AtRNkx56N7yAOZpeUk$CHm9lyScOp/swmkqBoseEY7rx21ISzaGo/0rXyKKOiw=",
    "last_login": "2024-11-09T13:19:22.431Z",
    "is_superuser": true,
    "username": "admin",
    "first_name": "",
    "last_name": "",
    "email": "",
    "is_staff": true,
    "is_active": true,
    "date_joined": "2024-11-02T11:27:59.765Z",
    "groups": [],
    "user_permissions": []
  }
},
{
  "model": "auth.user",
  "pk": 2,
  "fields": {
    "password": "pbkdf2_sha256$870000$oxEclFZxCx4okChIX2phev$ZaHh25mFR0gqAUMpa8tA6Oquc+DzePBls9+iezUzxSc=",
    "last_login": null,
    "is_superuser": false,
    "username": "owner1",
    "first_name": "",
    "last_name": "",
    "email": "",
    "is_staff": false,
    "is_active": true,
    "date_joined": "2024-11-02T11:28:18.971Z",
    "groups": [],
    "user_permissions": []
  }
},
{
  "model": "auth.user",
  "pk": 3,
  "fields": {
    "password": "pbkdf2_sha256$870000$EWcMe1OzT9kXQfNLKFWVWI$VAs+NLZ5aOBsp2ARDi6RcOOMC5jkSzC5rsXTF2nzrRI=",
    "last_login": null,
    "is_superuser": false,
    "username": "owner2",
    "first_name": "",
    "last_name": "",
    "email": "",
    "is_staff": false,
    "is_active": true,
    "date_joined": "2024-11-02T11:28:38.184Z",
    "groups": [],
    "user_permissions": []
  }
},
{
  "model": "contenttypes.contenttype",
  "pk": 1,
  "fields": {
    "app_label": "admin",
    "model": "logentry"
  }
},
{
  "model": "contenttypes.contenttype",
  "pk": 2,
  "fields": {
    "app_label": "auth",
    "model": "permission"
  }
},
{
  "model": "contenttypes.contenttype",
  "pk": 3,
  "fields": {
    "app_label": "auth",
    "model": "group"
  }
},
{
  "model": "contenttypes.contenttype",
  "pk": 4,
  "fields": {
    "app_label": "auth",
    "model": "user"
  }
},
{
  "model": "contenttypes.contenttype",
  "pk": 5,
  "fields": {
    "app_label": "contenttypes",
    "model": "contenttype"
  }
},
{
  "model": "contenttypes.contenttype",
  "pk": 6,
  "fields": {
    "app_label": "sessions",
    "model": "session"
  }
},
{
  "model": "contenttypes.contenttype",
  "pk": 7,
  "fields": {
    "app_label": "my_queue",
    "model": "business"
  }
},
{
  "model": "contenttypes.contenttype",
  "pk": 8,
  "fields": {
    "app_label": "my_queue",
    "model": "queue"
  }
},
{
  "model": "contenttypes.contenttype",
  "pk": 9,
  "fields": {
    "app_label": "my_queue",
    "model": "entry"
  }
},
{
  "model": "sessions.session",
  "pk": "jhfvohci8cutnv6tj9n0p73jiuxz2nkg",
  "fields": {
    "session_data": ".eJxVjMsOwiAQAP-FsyHLI1I8evcbyO6ySNXQpLQn478bkh70OjOZt0q4bzXtXdY0Z3VRRp1-GSE_pQ2RH9jui-albetMeiT6sF3fliyv69H-DSr2OrZAUEwRAzGAcPFQrHW-QCxkHYkgs8WzzwIcIhkMUQLlaeKI5FxUny_3oziy:1t9fiL:sc_dY4x7iY0gYSbE8B8sEb85gIrYHsOVDeGZF1oY0M8",
    "expire_date": "2024-11-23T07:16:57.669Z"
  }
},
{
  "model": "sessions.session",
  "pk": "sdupnftqohd2ty42tf99fv6zzxe1hvoz",
  "fields": {
    "session_data": ".eJxVjMsOwiAQAP-FsyHLI1I8evcbyO6ySNXQpLQn478bkh70OjOZt0q4bzXtXdY0Z3VRRp1-GSE_pQ2RH9jui-albetMeiT6sF3fliyv69H-DSr2OrZAUEwRAzGAcPFQrHW-QCxkHYkgs8WzzwIcIhkMUQLlaeKI5FxUny_3oziy:1t7CIY:XEGBMPwvLNzXwemonwmGLIBH2wl2ItIRtmCZXT2u3jE",
    "expire_date": "2024-11-16T11:28:06.980Z"
  }
},
{
  "model": "sessions.session",
  "pk": "wzpkjpi38whsgw3m305ipnqezav19qy3",
  "fields": {
    "session_data": ".eJxVjMsOwiAQAP-FsyHLI1I8evcbyO6ySNXQpLQn478bkh70OjOZt0q4bzXtXdY0Z3VRRp1-GSE_pQ2RH9jui-albetMeiT6sF3fliyv69H-DSr2OrZAUEwRAzGAcPFQrHW-QCxkHYkgs8WzzwIcIhkMUQLlaeKI5FxUny_3oziy:1t9lN4:xDX9VsIAHO6WoQ0amOkyxW5LkYO9xi-xFxARJXeqtY0",
    "expire_date": "2024-11-23T13:19:22.432Z"
  }
},
{
  "model": "my_queue.business",
  "pk": 3,
  "fields": {
    "user": 2,
    "name": "TestRestaurant",
    "open_time": "10:00:00",
    "close_time": "20:59:00"
  }
},
{
  "model": "my_queue.business",
  "pk": 4,
  "fields": {
    "user": 3,
    "name": "TestSalon",
    "open_time": "10:00:00",
    "close_time": "22:00:00"
  }
},
{
  "model": "my_queue.queue",
  "pk": 5,
  "fields": {
    "business": 3,
    "name": "Dine-in",
    "prefix": "A",
    "estimated_time": null
  }
},
{
  "model": "my_queue.queue",
  "pk": 6,
  "fields": {
    "business": 3,
    "name": "Pick-up",
    "prefix": "B",
    "estimated_time": null
  }
},
{
  "model": "my_queue.queue",
  "pk": 7,
  "fields": {
    "business": 3,
    "name": "Drive-thru",
    "prefix": "C",
    "estimated_time": null
  }
},
{
  "model": "my_queue.queue",
  "pk": 8,
  "fields": {
    "business": 3,
    "name": "Delivery",
    "prefix": "D",
    "estimated_time": null
  }
},
{
  "model": "my_queue.queue",
  "pk": 9,
  "fields": {
    "business": 4,
    "name": "Haircut",
    "prefix": "A",
    "estimated_time": null
  }
},
{
  "model": "my_queue.queue",
  "pk": 10,
  "fields": {
    "business": 4,
    "name": "Coloring/Treatment",
    "prefix": "B",
    "estimated_time": null
  }
},
{
  "model": "my_queue.queue",
  "pk": 11,
  "fields": {
    "business": 4,
    "name": "Manicure/Pedicure",
    "prefix": "C",
    "estimated_time": null
  }
},
{
  "model": "my_queue.queue",
  "pk": 12,
  "fields": {
    "business": 4,
    "name": "Spa",
    "prefix": "D",
    "estimated_time": null
  }
},
{
  "model": "my_queue.entry",
  "pk": 14,
  "fields": {
    "name": "A1",
    "queue": 5,
    "business": 3,
    "tracking_code": null,
    "time_in": "2024-10-28T05:19:00Z",
    "time_out": "2024-10-28T05:19:23Z",
    "status": "completed"
  }
},
{
  "model": "my_queue.entry",
  "pk": 15,
  "fields": {
    "name": "A2",
    "queue": 5,
    "business": 3,
    "tracking_code": null,
    "time_in": "2024-10-28T06:19:02Z",
    "time_out": "2024-10-28T06:19:24Z",
    "status": "completed"
  }
},
{
  "model": "my_queue.entry",
  "pk": 16,
  "fields": {
    "name": "A3",
    "queue": 5,
    "business": 3,
    "tracking_code": null,
    "time_in": "2024-10-28T07:19:03Z",
    "time_out": "2024-10-28T07:19:25Z",
    "status": "completed"
  }
},
{
  "model": "my_queue.entry",
  "pk": 17,
  "fields": {
    "name": "B1",
    "queue": 6,
    "business": 3,
    "tracking_code": null,
    "time_in": "2024-10-28T04:19:06Z",
    "time_out": "2024-10-28T04:19:26Z",
    "status": "completed"
  }
},
{
  "model": "my_queue.entry",
  "pk": 18,
  "fields": {
    "name": "B2",
    "queue": 6,
    "business": 3,
    "tracking_code": null,
    "time_in": "2024-10-28T04:19:07Z",
    "time_out": "2024-10-28T04:19:27Z",
    "status": "completed"
  }
},
{
  "model": "my_queue.entry",
  "pk": 19,
  "fields": {
    "name": "B3",
    "queue": 6,
    "business": 3,
    "tracking_code": null,
    "time_in": "2024-10-28T05:19:07Z",
    "time_out": "2024-10-28T05:19:29Z",
    "status": "completed"
  }
},
{
  "model": "my_queue.entry",
  "pk": 20,
  "fields": {
    "name": "C1",
    "queue": 7,
    "business": 3,
    "tracking_code": null,
    "time_in": "2024-10-28T12:19:09Z",
    "time_out": "2024-10-28T12:19:30Z",
    "status": "completed"
  }
},
{
  "model": "my_queue.entry",
  "pk": 21,
  "fields": {
    "name": "D1",
    "queue": 8,
    "business": 3,
    "tracking_code": null,
    "time_in": "2024-10-28T04:19:13Z",
    "time_out": "2024-10-28T04:19:32Z",
    "status": "completed"
  }
},
{
  "model": "my_queue.entry",
  "pk": 22,
  "fields": {
    "name": "D2",
    "queue": 8,
    "business": 3,
    "tracking_code": null,
    "time_in": "2024-10-28T04:19:14Z",
    "time_out": "2024-10-28T04:19:33Z",
    "status": "completed"
  }
},
{
  "model": "my_queue.entry",
  "pk": 23,
  "fields": {
    "name": "D3",
    "queue": 8,
    "business": 3,
    "tracking_code": null,
    "time_in": "2024-10-28T05:19:14Z",
    "time_out": "2024-10-28T05:19:34Z",
    "status": "completed"
  }
},
{
  "model": "my_queue.entry",
  "pk": 24,
  "fields": {
    "name": "D4",
    "queue": 8,
    "business": 3,
    "tracking_code": null,
    "time_in": "2024-10-28T07:19:15Z",
    "time_out": "2024-10-28T07:19:36Z",
    "status": "completed"
  }
},
{
  "model": "my_queue.entry",
  "pk": 25,
  "fields": {
    "name": "D5",
    "queue": 8,
    "business": 3,
    "tracking_code": null,
    "time_in": "2024-10-28T07:19:15Z",
    "time_out": "2024-10-28T07:19:37Z",
    "status": "completed"
  }
},
{
  "model": "my_queue.entry",
  "pk": 27,
  "fields": {
    "name": "A1",
    "queue": 5,
    "business": 3,
    "tracking_code": null,
    "time_in": "2024-10-29T03:30:26Z",
    "time_out": "2024-10-29T03:30:42Z",
    "status": "completed"
  }
},
{
  "model": "my_queue.entry",
  "pk": 28,
  "fields": {
    "name": "A2",
    "queue": 5,
    "business": 3,
    "tracking_code": null,
    "time_in": "2024-10-29T04:30:27Z",
    "time_out": "2024-10-29T04:30:43Z",
    "status": "completed"
  }
},
{
  "model": "my_queue.entry",
  "pk": 29,
  "fields": {
    "name": "A3",
    "queue": 5,
    "business": 3,
    "tracking_code": null,
    "time_in": "2024-10-29T04:30:28Z",
    "time_out": "2024-10-29T04:30:44Z",
    "status": "completed"
  }
},
{
  "model": "my_queue.entry",
  "pk": 30,
  "fields": {
    "name": "B1",
    "queue": 6,
    "business": 3,
    "tracking_code": null,
    "time_in": "2024-10-29T07:30:31Z",
    "time_out": "2024-10-29T07:30:45Z",
    "status": "completed"
  }
},
{
  "model": "my_queue.entry",
  "pk": 31,
  "fields": {
    "name": "B2",
    "queue": 6,
    "business": 3,
    "tracking_code": null,
    "time_in": "2024-10-29T07:30:32Z",
    "time_out": "2024-10-29T07:30:47Z",
    "status": "completed"
  }
},
{
  "model": "my_queue.entry",
  "pk": 32,
  "fields": {
    "name": "C1",
    "queue": 7,
    "business": 3,
    "tracking_code": null,
    "time_in": "2024-10-29T10:30:34Z",
    "time_out": "2024-10-29T10:30:48Z",
    "status": "completed"
  }
},
{
  "model": "my_queue.entry",
  "pk": 33,
  "fields": {
    "name": "C2",
    "queue": 7,
    "business": 3,
    "tracking_code": null,
    "time_in": "2024-10-29T11:30:35Z",
    "time_out": "2024-10-29T11:30:50Z",
    "status": "completed"
  }
},
{
  "model": "my_queue.entry",
  "pk": 34,
  "fields": {
    "name": "D1",
    "queue": 8,
    "business": 3,
    "tracking_code": null,
    "time_in": "2024-10-29T05:30:37Z",
    "time_out": "2024-10-29T05:30:52Z",
    "status": "completed"
  }
},
{
  "model": "my_queue.entry",
  "pk": 35,
  "fields": {
    "name": "D2",
    "queue": 8,
    "business": 3,
    "tracking_code": null,
    "time_in": "2024-10-29T06:30:37Z",
    "time_out": "2024-10-29T06:30:53Z",
    "status": "completed"
  }
},
{
  "model": "my_queue.entry",
  "pk": 36,
  "fields": {
    "name": "D3",
    "queue": 8,
    "business": 3,
    "tracking_code": null,
    "time_in": "2024-10-29T12:30:38Z",
    "time_out": "2024-10-29T12:30:54Z",
    "status": "completed"
  }
},
{
  "model": "my_queue.entry",
  "pk": 37,
  "fields": {
    "name": "A1",
    "queue": 5,
    "business": 3,
    "tracking_code": null,
    "time_in": "2024-10-30T08:34:37Z",
    "time_out": "2024-10-30T08:34:55Z",
    "status": "completed"
  }
},
{
  "model": "my_queue.entry",
  "pk": 38,
  "fields": {
    "name": "A2",
    "queue": 5,
    "business": 3,
    "tracking_code": null,
    "time_in": "2024-10-30T11:34:37Z",
    "time_out": "2024-10-30T11:34:56Z",
    "status": "completed"
  }
},
{
  "model": "my_queue.entry",
  "pk": 39,
  "fields": {
    "name": "D1",
    "queue": 8,
    "business": 3,
    "tracking_code": null,
    "time_in": "2024-10-30T05:34:45Z",
    "time_out": "2024-10-30T05:34:58Z",
    "status": "completed"
  }
},
{
  "model": "my_queue.entry",
  "pk": 40,
  "fields": {
    "name": "D2",
    "queue": 8,
    "business": 3,
    "tracking_code": null,
    "time_in": "2024-10-30T10:34:45Z",
    "time_out": "2024-10-30T10:34:59Z",
    "status": "completed"
  }
},
{
  "model": "my_queue.entry",
  "pk": 41,
  "fields": {
    "name": "D3",
    "queue": 8,
    "business": 3,
    "tracking_code": null,
    "time_in": "2024-10-30T10:34:46Z",
    "time_out": "2024-10-30T10:35:00Z",
    "status": "completed"
  }
},
{
  "model": "my_queue.entry",
  "pk": 42,
  "fields": {
    "name": "D4",
    "queue": 8,
    "business": 3,
    "tracking_code": null,
    "time_in": "2024-10-30T11:34:47Z",
    "time_out": "2024-10-30T11:35:01Z",
    "status": "completed"
  }
},
{
  "model": "my_queue.entry",
  "pk": 43,
  "fields": {
    "name": "D5",
    "queue": 8,
    "business": 3,
    "tracking_code": null,
    "time_in": "2024-10-30T11:34:51Z",
    "time_out": "2024-10-30T11:35:02Z",
    "status": "completed"
  }
},
{
  "model": "my_queue.entry",
  "pk": 44,
  "fields": {
    "name": "D6",
    "queue": 8,
    "business": 3,
    "tracking_code": null,
    "time_in": "2024-10-30T12:34:52Z",
    "time_out": "2024-10-30T12:35:04Z",
    "status": "completed"
  }
},
{
  "model": "my_queue.entry",
  "pk": 45,
  "fields": {
    "name": "D1",
    "queue": 8,
    "business": 3,
    "tracking_code": null,
    "time_in": "2024-10-31T03:37:48Z",
    "time_out": "2024-10-31T03:38:36Z",
    "status": "completed"
  }
},
{
  "model": "my_queue.entry",
  "pk": 46,
  "fields": {
    "name": "D2",
    "queue": 8,
    "business": 3,
    "tracking_code": null,
    "time_in": "2024-10-31T03:37:49Z",
    "time_out": "2024-10-31T03:38:37Z",
    "status": "completed"
  }
},
{
  "model": "my_queue.entry",
  "pk": 47,
  "fields": {
    "name": "D3",
    "queue": 8,
    "business": 3,
    "tracking_code": null,
    "time_in": "2024-10-31T03:37:50Z",
    "time_out": "2024-10-31T03:38:38Z",
    "status": "completed"
  }
},
{
  "model": "my_queue.entry",
  "pk": 48,
  "fields": {
    "name": "D4",
    "queue": 8,
    "business": 3,
    "tracking_code": null,
    "time_in": "2024-10-31T06:37:50Z",
    "time_out": "2024-10-31T06:38:40Z",
    "status": "completed"
  }
},
{
  "model": "my_queue.entry",
  "pk": 49,
  "fields": {
    "name": "D5",
    "queue": 8,
    "business": 3,
    "tracking_code": null,
    "time_in": "2024-10-31T06:37:50Z",
    "time_out": "2024-10-31T06:38:41Z",
    "status": "completed"
  }
},
{
  "model": "my_queue.entry",
  "pk": 50,
  "fields": {
    "name": "D6",
    "queue": 8,
    "business": 3,
    "tracking_code": null,
    "time_in": "2024-10-31T07:37:51Z",
    "time_out": "2024-10-31T07:38:43Z",
    "status": "completed"
  }
},
{
  "model": "my_queue.entry",
  "pk": 51,
  "fields": {
    "name": "D7",
    "queue": 8,
    "business": 3,
    "tracking_code": null,
    "time_in": "2024-10-31T07:37:51Z",
    "time_out": "2024-10-31T07:38:44Z",
    "status": "completed"
  }
},
{
  "model": "my_queue.entry",
  "pk": 52,
  "fields": {
    "name": "D8",
    "queue": 8,
    "business": 3,
    "tracking_code": null,
    "time_in": "2024-10-31T08:37:52Z",
    "time_out": "2024-10-31T08:38:45Z",
    "status": "completed"
  }
},
{
  "model": "my_queue.entry",
  "pk": 53,
  "fields": {
    "name": "D9",
    "queue": 8,
    "business": 3,
    "tracking_code": null,
    "time_in": "2024-10-31T11:37:56Z",
    "time_out": "2024-10-31T11:38:47Z",
    "status": "completed"
  }
},
{
  "model": "my_queue.entry",
  "pk": 54,
  "fields": {
    "name": "A1",
    "queue": 5,
    "business": 3,
    "tracking_code": null,
    "time_in": "2024-10-31T07:37:58Z",
    "time_out": "2024-10-31T07:38:30Z",
    "status": "completed"
  }
},
{
  "model": "my_queue.entry",
  "pk": 55,
  "fields": {
    "name": "A2",
    "queue": 5,
    "business": 3,
    "tracking_code": null,
    "time_in": "2024-10-31T09:37:59Z",
    "time_out": "2024-10-31T09:38:32Z",
    "status": "completed"
  }
},
{
  "model": "my_queue.entry",
  "pk": 56,
  "fields": {
    "name": "A3",
    "queue": 5,
    "business": 3,
    "tracking_code": null,
    "time_in": "2024-10-31T09:38:04Z",
    "time_out": "2024-10-31T09:38:33Z",
    "status": "completed"
  }
},
{
  "model": "my_queue.entry",
  "pk": 57,
  "fields": {
    "name": "A1",
    "queue": 5,
    "business": 3,
    "tracking_code": null,
    "time_in": "2024-11-01T03:43:17Z",
    "time_out": "2024-11-01T03:44:15Z",
    "status": "completed"
  }
},
{
  "model": "my_queue.entry",
  "pk": 58,
  "fields": {
    "name": "A2",
    "queue": 5,
    "business": 3,
    "tracking_code": null,
    "time_in": "2024-11-01T06:43:18Z",
    "time_out": "2024-11-01T06:44:16Z",
    "status": "completed"
  }
},
{
  "model": "my_queue.entry",
  "pk": 59,
  "fields": {
    "name": "A3",
    "queue": 5,
    "business": 3,
    "tracking_code": null,
    "time_in": "2024-11-01T07:43:18Z",
    "time_out": "2024-11-01T07:44:17Z",
    "status": "completed"
  }
},
{
  "model": "my_queue.entry",
  "pk": 60,
  "fields": {
    "name": "A4",
    "queue": 5,
    "business": 3,
    "tracking_code": null,
    "time_in": "2024-11-01T10:43:19Z",
    "time_out": "2024-11-09T10:44:19Z",
    "status": "completed"
  }
},
{
  "model": "my_queue.entry",
  "pk": 61,
  "fields": {
    "name": "A5",
    "queue": 5,
    "business": 3,
    "tracking_code": null,
    "time_in": "2024-11-01T10:43:19Z",
    "time_out": "2024-11-01T10:44:20Z",
    "status": "completed"
  }
},
{
  "model": "my_queue.entry",
  "pk": 62,
  "fields": {
    "name": "A6",
    "queue": 5,
    "business": 3,
    "tracking_code": null,
    "time_in": "2024-11-01T10:43:22Z",
    "time_out": "2024-11-01T10:44:21Z",
    "status": "completed"
  }
},
{
  "model": "my_queue.entry",
  "pk": 63,
  "fields": {
    "name": "D1",
    "queue": 8,
    "business": 3,
    "tracking_code": null,
    "time_in": "2024-11-01T06:43:26Z",
    "time_out": "2024-11-01T06:44:27Z",
    "status": "completed"
  }
},
{
  "model": "my_queue.entry",
  "pk": 64,
  "fields": {
    "name": "D2",
    "queue": 8,
    "business": 3,
    "tracking_code": null,
    "time_in": "2024-11-01T06:43:27Z",
    "time_out": "2024-11-01T06:44:28Z",
    "status": "completed"
  }
},
{
  "model": "my_queue.entry",
  "pk": 65,
  "fields": {
    "name": "D3",
    "queue": 8,
    "business": 3,
    "tracking_code": null,
    "time_in": "2024-11-01T08:43:27Z",
    "time_out": "2024-11-01T08:44:29Z",
    "status": "completed"
  }
},
{
  "model": "my_queue.entry",
  "pk": 66,
  "fields": {
    "name": "C1",
    "queue": 7,
    "business": 3,
    "tracking_code": null,
    "time_in": "2024-11-01T03:43:31Z",
    "time_out": "2024-11-01T03:44:25Z",
    "status": "completed"
  }
},
{
  "model": "my_queue.entry",
  "pk": 67,
  "fields": {
    "name": "B1",
    "queue": 6,
    "business": 3,
    "tracking_code": null,
    "time_in": "2024-11-01T05:43:33Z",
    "time_out": "2024-11-01T05:44:22Z",
    "status": "completed"
  }
},
{
  "model": "my_queue.entry",
  "pk": 68,
  "fields": {
    "name": "B2",
    "queue": 6,
    "business": 3,
    "tracking_code": null,
    "time_in": "2024-11-01T05:43:34Z",
    "time_out": "2024-11-01T05:44:23Z",
    "status": "completed"
  }
},
{
  "model": "my_queue.entry",
  "pk": 69,
  "fields": {
    "name": "A1",
    "queue": 5,
    "business": 3,
    "tracking_code": null,
    "time_in": "2024-11-02T04:48:38Z",
    "time_out": "2024-11-02T04:49:10Z",
    "status": "completed"
  }
},
{
  "model": "my_queue.entry",
  "pk": 70,
  "fields": {
    "name": "A2",
    "queue": 5,
    "business": 3,
    "tracking_code": null,
    "time_in": "2024-11-02T04:48:39Z",
    "time_out": "2024-11-02T04:49:11Z",
    "status": "completed"
  }
},
{
  "model": "my_queue.entry",
  "pk": 71,
  "fields": {
    "name": "A3",
    "queue": 5,
    "business": 3,
    "tracking_code": null,
    "time_in": "2024-11-02T04:48:40Z",
    "time_out": "2024-11-02T04:49:12Z",
    "status": "completed"
  }
},
{
  "model": "my_queue.entry",
  "pk": 72,
  "fields": {
    "name": "A4",
    "queue": 5,
    "business": 3,
    "tracking_code": null,
    "time_in": "2024-11-02T05:48:40Z",
    "time_out": "2024-11-02T05:49:13Z",
    "status": "completed"
  }
},
{
  "model": "my_queue.entry",
  "pk": 73,
  "fields": {
    "name": "A5",
    "queue": 5,
    "business": 3,
    "tracking_code": null,
    "time_in": "2024-11-02T05:48:41Z",
    "time_out": "2024-11-02T05:49:14Z",
    "status": "completed"
  }
},
{
  "model": "my_queue.entry",
  "pk": 74,
  "fields": {
    "name": "A6",
    "queue": 5,
    "business": 3,
    "tracking_code": null,
    "time_in": "2024-11-02T05:48:41Z",
    "time_out": "2024-11-02T05:49:15Z",
    "status": "completed"
  }
},
{
  "model": "my_queue.entry",
  "pk": 75,
  "fields": {
    "name": "A7",
    "queue": 5,
    "business": 3,
    "tracking_code": null,
    "time_in": "2024-11-02T07:48:42Z",
    "time_out": "2024-11-02T07:49:16Z",
    "status": "completed"
  }
},
{
  "model": "my_queue.entry",
  "pk": 76,
  "fields": {
    "name": "A8",
    "queue": 5,
    "business": 3,
    "tracking_code": null,
    "time_in": "2024-11-02T07:48:42Z",
    "time_out": "2024-11-02T07:49:17Z",
    "status": "completed"
  }
},
{
  "model": "my_queue.entry",
  "pk": 77,
  "fields": {
    "name": "A9",
    "queue": 5,
    "business": 3,
    "tracking_code": null,
    "time_in": "2024-11-02T07:48:43Z",
    "time_out": "2024-11-02T07:49:19Z",
    "status": "completed"
  }
},
{
  "model": "my_queue.entry",
  "pk": 78,
  "fields": {
    "name": "A10",
    "queue": 5,
    "business": 3,
    "tracking_code": null,
    "time_in": "2024-11-02T10:48:43Z",
    "time_out": "2024-11-02T10:49:20Z",
    "status": "completed"
  }
},
{
  "model": "my_queue.entry",
  "pk": 79,
  "fields": {
    "name": "A11",
    "queue": 5,
    "business": 3,
    "tracking_code": null,
    "time_in": "2024-11-02T10:48:44Z",
    "time_out": "2024-11-02T10:49:21Z",
    "status": "completed"
  }
},
{
  "model": "my_queue.entry",
  "pk": 80,
  "fields": {
    "name": "A12",
    "queue": 5,
    "business": 3,
    "tracking_code": null,
    "time_in": "2024-11-02T10:48:44Z",
    "time_out": "2024-11-02T10:49:22Z",
    "status": "completed"
  }
},
{
  "model": "my_queue.entry",
  "pk": 81,
  "fields": {
    "name": "A13",
    "queue": 5,
    "business": 3,
    "tracking_code": null,
    "time_in": "2024-11-02T10:48:45Z",
    "time_out": "2024-11-02T10:49:24Z",
    "status": "completed"
  }
},
{
  "model": "my_queue.entry",
  "pk": 82,
  "fields": {
    "name": "A14",
    "queue": 5,
    "business": 3,
    "tracking_code": null,
    "time_in": "2024-11-02T11:48:47Z",
    "time_out": "2024-11-02T11:49:25Z",
    "status": "completed"
  }
},
{
  "model": "my_queue.entry",
  "pk": 83,
  "fields": {
    "name": "B1",
    "queue": 6,
    "business": 3,
    "tracking_code": null,
    "time_in": "2024-11-02T07:48:55Z",
    "time_out": "2024-11-02T07:49:40Z",
    "status": "completed"
  }
},
{
  "model": "my_queue.entry",
  "pk": 84,
  "fields": {
    "name": "B2",
    "queue": 6,
    "business": 3,
    "tracking_code": null,
    "time_in": "2024-11-02T07:48:55Z",
    "time_out": "2024-11-02T07:49:41Z",
    "status": "completed"
  }
},
{
  "model": "my_queue.entry",
  "pk": 85,
  "fields": {
    "name": "B3",
    "queue": 6,
    "business": 3,
    "tracking_code": null,
    "time_in": "2024-11-02T11:48:55Z",
    "time_out": "2024-11-02T11:49:42Z",
    "status": "completed"
  }
},
{
  "model": "my_queue.entry",
  "pk": 86,
  "fields": {
    "name": "B4",
    "queue": 6,
    "business": 3,
    "tracking_code": null,
    "time_in": "2024-11-02T11:48:56Z",
    "time_out": "2024-11-02T11:49:43Z",
    "status": "completed"
  }
},
{
  "model": "my_queue.entry",
  "pk": 87,
  "fields": {
    "name": "D1",
    "queue": 8,
    "business": 3,
    "tracking_code": null,
    "time_in": "2024-11-02T03:49:00Z",
    "time_out": "2024-11-02T03:49:44Z",
    "status": "completed"
  }
},
{
  "model": "my_queue.entry",
  "pk": 88,
  "fields": {
    "name": "D2",
    "queue": 8,
    "business": 3,
    "tracking_code": null,
    "time_in": "2024-11-02T03:49:00Z",
    "time_out": "2024-11-02T03:49:45Z",
    "status": "completed"
  }
},
{
  "model": "my_queue.entry",
  "pk": 89,
  "fields": {
    "name": "D3",
    "queue": 8,
    "business": 3,
    "tracking_code": null,
    "time_in": "2024-11-02T07:49:01Z",
    "time_out": "2024-11-02T07:49:46Z",
    "status": "completed"
  }
},
{
  "model": "my_queue.entry",
  "pk": 90,
  "fields": {
    "name": "D4",
    "queue": 8,
    "business": 3,
    "tracking_code": null,
    "time_in": "2024-11-02T09:49:01Z",
    "time_out": "2024-11-02T09:49:47Z",
    "status": "completed"
  }
},
{
  "model": "my_queue.entry",
  "pk": 91,
  "fields": {
    "name": "A1",
    "queue": 5,
    "business": 3,
    "tracking_code": null,
    "time_in": "2024-11-03T04:54:49Z",
    "time_out": "2024-11-03T04:56:43Z",
    "status": "completed"
  }
},
{
  "model": "my_queue.entry",
  "pk": 92,
  "fields": {
    "name": "A2",
    "queue": 5,
    "business": 3,
    "tracking_code": null,
    "time_in": "2024-11-03T04:54:51Z",
    "time_out": "2024-11-03T04:56:44Z",
    "status": "completed"
  }
},
{
  "model": "my_queue.entry",
  "pk": 93,
  "fields": {
    "name": "A3",
    "queue": 5,
    "business": 3,
    "tracking_code": null,
    "time_in": "2024-11-03T04:54:51Z",
    "time_out": "2024-11-03T04:56:46Z",
    "status": "completed"
  }
},
{
  "model": "my_queue.entry",
  "pk": 94,
  "fields": {
    "name": "A4",
    "queue": 5,
    "business": 3,
    "tracking_code": null,
    "time_in": "2024-11-03T05:54:51Z",
    "time_out": "2024-11-03T05:56:53Z",
    "status": "completed"
  }
},
{
  "model": "my_queue.entry",
  "pk": 95,
  "fields": {
    "name": "A5",
    "queue": 5,
    "business": 3,
    "tracking_code": null,
    "time_in": "2024-11-03T06:54:52Z",
    "time_out": "2024-11-03T06:56:54Z",
    "status": "completed"
  }
},
{
  "model": "my_queue.entry",
  "pk": 96,
  "fields": {
    "name": "A6",
    "queue": 5,
    "business": 3,
    "tracking_code": null,
    "time_in": "2024-11-03T06:54:52Z",
    "time_out": "2024-11-03T06:56:55Z",
    "status": "completed"
  }
},
{
  "model": "my_queue.entry",
  "pk": 97,
  "fields": {
    "name": "A7",
    "queue": 5,
    "business": 3,
    "tracking_code": null,
    "time_in": "2024-11-03T06:54:52Z",
    "time_out": "2024-11-03T06:56:57Z",
    "status": "completed"
  }
},
{
  "model": "my_queue.entry",
  "pk": 98,
  "fields": {
    "name": "A8",
    "queue": 5,
    "business": 3,
    "tracking_code": null,
    "time_in": "2024-11-03T07:54:53Z",
    "time_out": "2024-11-03T07:56:58Z",
    "status": "completed"
  }
},
{
  "model": "my_queue.entry",
  "pk": 99,
  "fields": {
    "name": "A9",
    "queue": 5,
    "business": 3,
    "tracking_code": null,
    "time_in": "2024-11-03T08:54:53Z",
    "time_out": "2024-11-03T08:58:12Z",
    "status": "completed"
  }
},
{
  "model": "my_queue.entry",
  "pk": 100,
  "fields": {
    "name": "A10",
    "queue": 5,
    "business": 3,
    "tracking_code": null,
    "time_in": "2024-11-03T08:54:54Z",
    "time_out": "2024-11-03T08:58:13Z",
    "status": "completed"
  }
},
{
  "model": "my_queue.entry",
  "pk": 101,
  "fields": {
    "name": "A11",
    "queue": 5,
    "business": 3,
    "tracking_code": null,
    "time_in": "2024-11-03T10:54:54Z",
    "time_out": "2024-11-03T10:58:14Z",
    "status": "completed"
  }
},
{
  "model": "my_queue.entry",
  "pk": 102,
  "fields": {
    "name": "A12",
    "queue": 5,
    "business": 3,
    "tracking_code": null,
    "time_in": "2024-11-03T10:54:55Z",
    "time_out": "2024-11-03T10:58:15Z",
    "status": "completed"
  }
},
{
  "model": "my_queue.entry",
  "pk": 103,
  "fields": {
    "name": "B1",
    "queue": 6,
    "business": 3,
    "tracking_code": null,
    "time_in": "2024-11-03T07:54:59Z",
    "time_out": "2024-11-03T07:56:47Z",
    "status": "completed"
  }
},
{
  "model": "my_queue.entry",
  "pk": 104,
  "fields": {
    "name": "D1",
    "queue": 8,
    "business": 3,
    "tracking_code": null,
    "time_in": "2024-11-03T05:55:01Z",
    "time_out": "2024-11-03T05:56:49Z",
    "status": "completed"
  }
},
{
  "model": "my_queue.entry",
  "pk": 105,
  "fields": {
    "name": "D2",
    "queue": 8,
    "business": 3,
    "tracking_code": null,
    "time_in": "2024-11-03T05:55:02Z",
    "time_out": "2024-11-03T05:56:50Z",
    "status": "completed"
  }
},
{
  "model": "my_queue.entry",
  "pk": 106,
  "fields": {
    "name": "D3",
    "queue": 8,
    "business": 3,
    "tracking_code": null,
    "time_in": "2024-11-03T09:55:02Z",
    "time_out": "2024-11-03T09:56:51Z",
    "status": "completed"
  }
},
{
  "model": "my_queue.entry",
  "pk": 107,
  "fields": {
    "name": "D4",
    "queue": 8,
    "business": 3,
    "tracking_code": null,
    "time_in": "2024-11-03T09:55:02Z",
    "time_out": "2024-11-03T09:58:18Z",
    "status": "completed"
  }
},
{
  "model": "my_queue.entry",
  "pk": 108,
  "fields": {
    "name": "D5",
    "queue": 8,
    "business": 3,
    "tracking_code": null,
    "time_in": "2024-11-03T10:55:04Z",
    "time_out": "2024-11-03T10:58:19Z",
    "status": "completed"
  }
},
{
  "model": "my_queue.entry",
  "pk": 123,
  "fields": {
    "name": "A1",
    "queue": 5,
    "business": 3,
    "tracking_code": null,
    "time_in": "2024-11-08T03:09:41Z",
    "time_out": "2024-11-08T03:10:06Z",
    "status": "completed"
  }
},
{
  "model": "my_queue.entry",
  "pk": 124,
  "fields": {
    "name": "A2",
    "queue": 5,
    "business": 3,
    "tracking_code": null,
    "time_in": "2024-11-08T03:09:42Z",
    "time_out": "2024-11-08T03:10:07Z",
    "status": "completed"
  }
},
{
  "model": "my_queue.entry",
  "pk": 125,
  "fields": {
    "name": "A3",
    "queue": 5,
    "business": 3,
    "tracking_code": null,
    "time_in": "2024-11-08T04:09:43Z",
    "time_out": "2024-11-08T04:10:09Z",
    "status": "completed"
  }
},
{
  "model": "my_queue.entry",
  "pk": 126,
  "fields": {
    "name": "A4",
    "queue": 5,
    "business": 3,
    "tracking_code": null,
    "time_in": "2024-11-08T05:09:43Z",
    "time_out": "2024-11-08T05:10:11Z",
    "status": "completed"
  }
},
{
  "model": "my_queue.entry",
  "pk": 133,
  "fields": {
    "name": "B1",
    "queue": 6,
    "business": 3,
    "tracking_code": null,
    "time_in": "2024-11-08T08:09:50Z",
    "time_out": "2024-11-08T08:10:23Z",
    "status": "completed"
  }
},
{
  "model": "my_queue.entry",
  "pk": 134,
  "fields": {
    "name": "B2",
    "queue": 6,
    "business": 3,
    "tracking_code": null,
    "time_in": "2024-11-08T08:09:50Z",
    "time_out": "2024-11-08T08:10:25Z",
    "status": "completed"
  }
},
{
  "model": "my_queue.entry",
  "pk": 135,
  "fields": {
    "name": "C1",
    "queue": 7,
    "business": 3,
    "tracking_code": null,
    "time_in": "2024-11-08T12:09:52Z",
    "time_out": "2024-11-08T12:10:27Z",
    "status": "completed"
  }
},
{
  "model": "my_queue.entry",
  "pk": 136,
  "fields": {
    "name": "C2",
    "queue": 7,
    "business": 3,
    "tracking_code": null,
    "time_in": "2024-11-08T12:09:53Z",
    "time_out": "2024-11-08T12:10:28Z",
    "status": "completed"
  }
},
{
  "model": "my_queue.entry",
  "pk": 137,
  "fields": {
    "name": "D1",
    "queue": 8,
    "business": 3,
    "tracking_code": null,
    "time_in": "2024-11-08T04:09:55Z",
    "time_out": "2024-11-08T04:10:30Z",
    "status": "completed"
  }
},
{
  "model": "my_queue.entry",
  "pk": 138,
  "fields": {
    "name": "D2",
    "queue": 8,
    "business": 3,
    "tracking_code": null,
    "time_in": "2024-11-08T05:09:55Z",
    "time_out": "2024-11-08T05:10:31Z",
    "status": "completed"
  }
},
{
  "model": "my_queue.entry",
  "pk": 139,
  "fields": {
    "name": "D3",
    "queue": 8,
    "business": 3,
    "tracking_code": null,
    "time_in": "2024-11-08T05:09:55Z",
    "time_out": "2024-11-08T05:10:32Z",
    "status": "completed"
  }
},
{
  "model": "my_queue.entry",
  "pk": 140,
  "fields": {
    "name": "D4",
    "queue": 8,
    "business": 3,
    "tracking_code": null,
    "time_in": "2024-11-08T05:09:56Z",
    "time_out": "2024-11-08T05:10:33Z",
    "status": "completed"
  }
},
{
  "model": "my_queue.entry",
  "pk": 141,
  "fields": {
    "name": "D5",
    "queue": 8,
    "business": 3,
    "tracking_code": null,
    "time_in": "2024-11-08T10:09:57Z",
    "time_out": "2024-11-08T10:10:35Z",
    "status": "completed"
  }
},
{
  "model": "my_queue.entry",
  "pk": 145,
  "fields": {
    "name": "A1",
    "queue": 5,
    "business": 3,
    "tracking_code": null,
    "time_in": "2024-11-07T06:19:38Z",
    "time_out": "2024-11-07T06:19:51Z",
    "status": "completed"
  }
},
{
  "model": "my_queue.entry",
  "pk": 146,
  "fields": {
    "name": "A2",
    "queue": 5,
    "business": 3,
    "tracking_code": null,
    "time_in": "2024-11-07T08:19:39Z",
    "time_out": "2024-11-07T08:19:52Z",
    "status": "completed"
  }
},
{
  "model": "my_queue.entry",
  "pk": 147,
  "fields": {
    "name": "A3",
    "queue": 5,
    "business": 3,
    "tracking_code": null,
    "time_in": "2024-11-07T10:19:39Z",
    "time_out": "2024-11-07T10:19:55Z",
    "status": "completed"
  }
},
{
  "model": "my_queue.entry",
  "pk": 148,
  "fields": {
    "name": "C1",
    "queue": 7,
    "business": 3,
    "tracking_code": null,
    "time_in": "2024-11-07T03:19:42Z",
    "time_out": "2024-11-07T03:19:58Z",
    "status": "completed"
  }
},
{
  "model": "my_queue.entry",
  "pk": 149,
  "fields": {
    "name": "C2",
    "queue": 7,
    "business": 3,
    "tracking_code": null,
    "time_in": "2024-11-07T09:19:43Z",
    "time_out": "2024-11-07T09:20:00Z",
    "status": "completed"
  }
},
{
  "model": "my_queue.entry",
  "pk": 150,
  "fields": {
    "name": "D1",
    "queue": 8,
    "business": 3,
    "tracking_code": null,
    "time_in": "2024-11-07T08:19:47Z",
    "time_out": "2024-11-07T08:20:02Z",
    "status": "completed"
  }
},
{
  "model": "my_queue.entry",
  "pk": 151,
  "fields": {
    "name": "D2",
    "queue": 8,
    "business": 3,
    "tracking_code": null,
    "time_in": "2024-11-07T12:19:47Z",
    "time_out": "2024-11-07T12:20:04Z",
    "status": "completed"
  }
},
{
  "model": "my_queue.entry",
  "pk": 152,
  "fields": {
    "name": "A1",
    "queue": 5,
    "business": 3,
    "tracking_code": null,
    "time_in": "2024-11-06T08:22:25Z",
    "time_out": "2024-11-06T08:22:32Z",
    "status": "completed"
  }
},
{
  "model": "my_queue.entry",
  "pk": 153,
  "fields": {
    "name": "A2",
    "queue": 5,
    "business": 3,
    "tracking_code": null,
    "time_in": "2024-11-06T12:22:26Z",
    "time_out": "2024-11-06T12:22:34Z",
    "status": "completed"
  }
},
{
  "model": "my_queue.entry",
  "pk": 154,
  "fields": {
    "name": "D1",
    "queue": 8,
    "business": 3,
    "tracking_code": null,
    "time_in": "2024-11-06T06:22:29Z",
    "time_out": "2024-11-06T06:22:40Z",
    "status": "completed"
  }
},
{
  "model": "my_queue.entry",
  "pk": 155,
  "fields": {
    "name": "D2",
    "queue": 8,
    "business": 3,
    "tracking_code": null,
    "time_in": "2024-11-06T06:22:29Z",
    "time_out": "2024-11-06T06:22:42Z",
    "status": "completed"
  }
},
{
  "model": "my_queue.entry",
  "pk": 156,
  "fields": {
    "name": "D3",
    "queue": 8,
    "business": 3,
    "tracking_code": null,
    "time_in": "2024-11-06T08:22:30Z",
    "time_out": "2024-11-06T08:22:47Z",
    "status": "completed"
  }
},
{
  "model": "my_queue.entry",
  "pk": 157,
  "fields": {
    "name": "D4",
    "queue": 8,
    "business": 3,
    "tracking_code": null,
    "time_in": "2024-11-06T10:22:30Z",
    "time_out": "2024-11-06T10:22:48Z",
    "status": "completed"
  }
},
{
  "model": "my_queue.entry",
  "pk": 158,
  "fields": {
    "name": "C1",
    "queue": 7,
    "business": 3,
    "tracking_code": null,
    "time_in": "2024-11-06T11:22:37Z",
    "time_out": "2024-11-06T11:22:43Z",
    "status": "completed"
  }
},
{
  "model": "my_queue.entry",
  "pk": 159,
  "fields": {
    "name": "C2",
    "queue": 7,
    "business": 3,
    "tracking_code": null,
    "time_in": "2024-11-06T11:22:38Z",
    "time_out": "2024-11-06T11:22:45Z",
    "status": "completed"
  }
},
{
  "model": "my_queue.entry",
  "pk": 160,
  "fields": {
    "name": "A1",
    "queue": 5,
    "business": 3,
    "tracking_code": null,
    "time_in": "2024-11-05T08:25:21Z",
    "time_out": "2024-11-05T08:25:24Z",
    "status": "completed"
  }
},
{
  "model": "my_queue.entry",
  "pk": 161,
  "fields": {
    "name": "A2",
    "queue": 5,
    "business": 3,
    "tracking_code": null,
    "time_in": "2024-11-05T08:25:22Z",
    "time_out": "2024-11-05T08:25:25Z",
    "status": "completed"
  }
},
{
  "model": "my_queue.entry",
  "pk": 162,
  "fields": {
    "name": "B1",
    "queue": 6,
    "business": 3,
    "tracking_code": null,
    "time_in": "2024-11-04T08:26:21Z",
    "time_out": "2024-11-04T08:26:32Z",
    "status": "completed"
  }
},
{
  "model": "my_queue.entry",
  "pk": 163,
  "fields": {
    "name": "B2",
    "queue": 6,
    "business": 3,
    "tracking_code": null,
    "time_in": "2024-11-04T08:26:22Z",
    "time_out": "2024-11-04T08:26:33Z",
    "status": "completed"
  }
},
{
  "model": "my_queue.entry",
  "pk": 164,
  "fields": {
    "name": "A1",
    "queue": 5,
    "business": 3,
    "tracking_code": null,
    "time_in": "2024-11-04T03:26:23Z",
    "time_out": "2024-11-04T03:26:29Z",
    "status": "completed"
  }
},
{
  "model": "my_queue.entry",
  "pk": 165,
  "fields": {
    "name": "A2",
    "queue": 5,
    "business": 3,
    "tracking_code": null,
    "time_in": "2024-11-04T05:26:24Z",
    "time_out": "2024-11-04T05:26:31Z",
    "status": "completed"
  }
},
{
  "model": "my_queue.entry",
  "pk": 166,
  "fields": {
    "name": "D1",
    "queue": 8,
    "business": 3,
    "tracking_code": null,
    "time_in": "2024-11-04T05:26:27Z",
    "time_out": "2024-11-04T05:26:35Z",
    "status": "completed"
  }
},
{
  "model": "my_queue.entry",
  "pk": 167,
  "fields": {
    "name": "D2",
    "queue": 8,
    "business": 3,
    "tracking_code": null,
    "time_in": "2024-11-04T06:26:27Z",
    "time_out": "2024-11-04T06:26:36Z",
    "status": "completed"
  }
},
{
  "model": "my_queue.entry",
  "pk": 168,
  "fields": {
    "name": "A1",
    "queue": 5,
    "business": 3,
    "tracking_code": null,
    "time_in": "2024-11-10T03:29:08Z",
    "time_out": "2024-11-10T03:29:25Z",
    "status": "completed"
  }
},
{
  "model": "my_queue.entry",
  "pk": 169,
  "fields": {
    "name": "A2",
    "queue": 5,
    "business": 3,
    "tracking_code": null,
    "time_in": "2024-11-10T03:29:10Z",
    "time_out": "2024-11-10T03:29:26Z",
    "status": "completed"
  }
},
{
  "model": "my_queue.entry",
  "pk": 170,
  "fields": {
    "name": "A3",
    "queue": 5,
    "business": 3,
    "tracking_code": null,
    "time_in": "2024-11-10T03:29:10Z",
    "time_out": "2024-11-10T03:29:27Z",
    "status": "completed"
  }
},
{
  "model": "my_queue.entry",
  "pk": 171,
  "fields": {
    "name": "A4",
    "queue": 5,
    "business": 3,
    "tracking_code": null,
    "time_in": "2024-11-10T04:29:10Z",
    "time_out": "2024-11-10T04:29:28Z",
    "status": "completed"
  }
},
{
  "model": "my_queue.entry",
  "pk": 172,
  "fields": {
    "name": "A5",
    "queue": 5,
    "business": 3,
    "tracking_code": null,
    "time_in": "2024-11-10T04:29:11Z",
    "time_out": "2024-11-10T04:29:29Z",
    "status": "completed"
  }
},
{
  "model": "my_queue.entry",
  "pk": 173,
  "fields": {
    "name": "A6",
    "queue": 5,
    "business": 3,
    "tracking_code": null,
    "time_in": "2024-11-10T05:29:11Z",
    "time_out": "2024-11-10T05:29:30Z",
    "status": "completed"
  }
},
{
  "model": "my_queue.entry",
  "pk": 174,
  "fields": {
    "name": "A7",
    "queue": 5,
    "business": 3,
    "tracking_code": null,
    "time_in": "2024-11-10T05:29:12Z",
    "time_out": "2024-11-10T05:29:32Z",
    "status": "completed"
  }
},
{
  "model": "my_queue.entry",
  "pk": 175,
  "fields": {
    "name": "A8",
    "queue": 5,
    "business": 3,
    "tracking_code": null,
    "time_in": "2024-11-10T08:29:12Z",
    "time_out": "2024-11-10T08:29:33Z",
    "status": "completed"
  }
},
{
  "model": "my_queue.entry",
  "pk": 176,
  "fields": {
    "name": "A9",
    "queue": 5,
    "business": 3,
    "tracking_code": null,
    "time_in": "2024-11-10T08:29:12Z",
    "time_out": "2024-11-10T08:29:34Z",
    "status": "completed"
  }
},
{
  "model": "my_queue.entry",
  "pk": 177,
  "fields": {
    "name": "A10",
    "queue": 5,
    "business": 3,
    "tracking_code": null,
    "time_in": "2024-11-10T10:29:13Z",
    "time_out": "2024-11-10T10:29:35Z",
    "status": "completed"
  }
},
{
  "model": "my_queue.entry",
  "pk": 178,
  "fields": {
    "name": "A11",
    "queue": 5,
    "business": 3,
    "tracking_code": null,
    "time_in": "2024-11-10T10:29:13Z",
    "time_out": "2024-11-10T10:29:37Z",
    "status": "completed"
  }
},
{
  "model": "my_queue.entry",
  "pk": 179,
  "fields": {
    "name": "A12",
    "queue": 5,
    "business": 3,
    "tracking_code": null,
    "time_in": "2024-11-10T11:29:14Z",
    "time_out": "2024-11-10T11:29:39Z",
    "status": "completed"
  }
},
{
  "model": "my_queue.entry",
  "pk": 180,
  "fields": {
    "name": "C1",
    "queue": 7,
    "business": 3,
    "tracking_code": null,
    "time_in": "2024-11-10T08:29:16Z",
    "time_out": "2024-11-10T08:29:40Z",
    "status": "completed"
  }
},
{
  "model": "my_queue.entry",
  "pk": 181,
  "fields": {
    "name": "C2",
    "queue": 7,
    "business": 3,
    "tracking_code": null,
    "time_in": "2024-11-10T11:29:17Z",
    "time_out": "2024-11-10T11:29:41Z",
    "status": "completed"
  }
},
{
  "model": "my_queue.entry",
  "pk": 182,
  "fields": {
    "name": "D1",
    "queue": 8,
    "business": 3,
    "tracking_code": null,
    "time_in": "2024-11-10T05:29:19Z",
    "time_out": "2024-11-10T05:29:43Z",
    "status": "completed"
  }
},
{
  "model": "my_queue.entry",
  "pk": 183,
  "fields": {
    "name": "D2",
    "queue": 8,
    "business": 3,
    "tracking_code": null,
    "time_in": "2024-11-10T07:29:19Z",
    "time_out": "2024-11-10T07:29:44Z",
    "status": "completed"
  }
},
{
  "model": "my_queue.entry",
  "pk": 184,
  "fields": {
    "name": "D3",
    "queue": 8,
    "business": 3,
    "tracking_code": null,
    "time_in": "2024-11-10T08:29:20Z",
    "time_out": "2024-11-10T08:29:45Z",
    "status": "completed"
  }
},
{
  "model": "my_queue.entry",
  "pk": 185,
  "fields": {
    "name": "D4",
    "queue": 8,
    "business": 3,
    "tracking_code": null,
    "time_in": "2024-11-10T12:29:20Z",
    "time_out": "2024-11-09T12:29:47Z",
    "status": "completed"
  }
},
{
  "model": "my_queue.entry",
  "pk": 186,
  "fields": {
    "name": "D5",
    "queue": 8,
    "business": 3,
    "tracking_code": null,
    "time_in": "2024-11-10T12:29:20Z",
    "time_out": "2024-11-10T12:29:48Z",
    "status": "completed"
  }
},
{
  "model": "my_queue.entry",
  "pk": 187,
  "fields": {
    "name": "A1",
    "queue": 5,
    "business": 3,
    "tracking_code": "tjnm3z891n",
    "time_in": "2024-11-09T08:34:22.487Z",
    "time_out": null,
    "status": "waiting"
  }
},
{
  "model": "my_queue.entry",
  "pk": 188,
  "fields": {
    "name": "A2",
    "queue": 5,
    "business": 3,
    "tracking_code": "j0brjael6a",
    "time_in": "2024-11-09T08:34:23.270Z",
    "time_out": null,
    "status": "waiting"
  }
},
{
  "model": "my_queue.entry",
  "pk": 189,
  "fields": {
    "name": "A3",
    "queue": 5,
    "business": 3,
    "tracking_code": "k2nrubjoqi",
    "time_in": "2024-11-09T08:34:23.654Z",
    "time_out": null,
    "status": "waiting"
  }
},
{
  "model": "my_queue.entry",
  "pk": 190,
  "fields": {
    "name": "A4",
    "queue": 5,
    "business": 3,
    "tracking_code": "mmjfhd52qs",
    "time_in": "2024-11-09T08:34:24.073Z",
    "time_out": null,
    "status": "waiting"
  }
},
{
  "model": "my_queue.entry",
  "pk": 191,
  "fields": {
    "name": "A5",
    "queue": 5,
    "business": 3,
    "tracking_code": "0goztz9ye4",
    "time_in": "2024-11-09T08:34:24.462Z",
    "time_out": null,
    "status": "waiting"
  }
},
{
  "model": "my_queue.entry",
  "pk": 192,
  "fields": {
    "name": "A6",
    "queue": 5,
    "business": 3,
    "tracking_code": "53wel3urb2",
    "time_in": "2024-11-09T08:34:24.878Z",
    "time_out": null,
    "status": "waiting"
  }
},
{
  "model": "my_queue.entry",
  "pk": 193,
  "fields": {
    "name": "A7",
    "queue": 5,
    "business": 3,
    "tracking_code": "u4yi3ferok",
    "time_in": "2024-11-09T08:34:25.330Z",
    "time_out": null,
    "status": "waiting"
  }
},
{
  "model": "my_queue.entry",
  "pk": 194,
  "fields": {
    "name": "A8",
    "queue": 5,
    "business": 3,
    "tracking_code": "fbpuk3jpqb",
    "time_in": "2024-11-09T08:34:25.735Z",
    "time_out": null,
    "status": "waiting"
  }
},
{
  "model": "my_queue.entry",
  "pk": 195,
  "fields": {
    "name": "A9",
    "queue": 5,
    "business": 3,
    "tracking_code": "hl7ebrctj7",
    "time_in": "2024-11-09T08:34:26.187Z",
    "time_out": null,
    "status": "waiting"
  }
},
{
  "model": "my_queue.entry",
  "pk": 196,
  "fields": {
    "name": "A10",
    "queue": 5,
    "business": 3,
    "tracking_code": "d1dcueeanj",
    "time_in": "2024-11-09T08:34:26.656Z",
    "time_out": null,
    "status": "waiting"
  }
},
{
  "model": "my_queue.entry",
  "pk": 197,
  "fields": {
    "name": "A11",
    "queue": 5,
    "business": 3,
    "tracking_code": "be6zw5a54e",
    "time_in": "2024-11-09T08:34:27.412Z",
    "time_out": null,
    "status": "waiting"
  }
},
{
  "model": "my_queue.entry",
  "pk": 198,
  "fields": {
    "name": "B1",
    "queue": 6,
    "business": 3,
    "tracking_code": "r25hp76va4",
    "time_in": "2024-11-09T08:34:32.371Z",
    "time_out": null,
    "status": "waiting"
  }
},
{
  "model": "my_queue.entry",
  "pk": 199,
  "fields": {
    "name": "B2",
    "queue": 6,
    "business": 3,
    "tracking_code": "h9kefeh6sz",
    "time_in": "2024-11-09T08:34:32.663Z",
    "time_out": null,
    "status": "waiting"
  }
},
{
  "model": "my_queue.entry",
  "pk": 200,
  "fields": {
    "name": "B3",
    "queue": 6,
    "business": 3,
    "tracking_code": "lrxd9qp2hm",
    "time_in": "2024-11-09T08:34:33.024Z",
    "time_out": null,
    "status": "waiting"
  }
},
{
  "model": "my_queue.entry",
  "pk": 201,
  "fields": {
    "name": "B4",
    "queue": 6,
    "business": 3,
    "tracking_code": "b3in9uo7o5",
    "time_in": "2024-11-09T08:34:33.780Z",
    "time_out": null,
    "status": "waiting"
  }
},
{
  "model": "my_queue.entry",
  "pk": 202,
  "fields": {
    "name": "D1",
    "queue": 8,
    "business": 3,
    "tracking_code": "p83ngvtk9t",
    "time_in": "2024-11-09T08:34:35.953Z",
    "time_out": null,
    "status": "waiting"
  }
},
{
  "model": "my_queue.entry",
  "pk": 203,
  "fields": {
    "name": "D2",
    "queue": 8,
    "business": 3,
    "tracking_code": "5icrczvt2g",
    "time_in": "2024-11-09T08:34:36.225Z",
    "time_out": null,
    "status": "waiting"
  }
},
{
  "model": "my_queue.entry",
  "pk": 213,
  "fields": {
    "name": "A1",
    "queue": 9,
    "business": 4,
    "tracking_code": null,
    "time_in": "2024-11-03T06:28:37Z",
    "time_out": "2024-11-03T06:28:50Z",
    "status": "completed"
  }
},
{
  "model": "my_queue.entry",
  "pk": 214,
  "fields": {
    "name": "A2",
    "queue": 9,
    "business": 4,
    "tracking_code": null,
    "time_in": "2024-11-03T06:28:38Z",
    "time_out": "2024-11-03T06:28:52Z",
    "status": "completed"
  }
},
{
  "model": "my_queue.entry",
  "pk": 215,
  "fields": {
    "name": "B1",
    "queue": 10,
    "business": 4,
    "tracking_code": null,
    "time_in": "2024-11-03T09:28:41Z",
    "time_out": "2024-11-03T09:28:54Z",
    "status": "completed"
  }
},
{
  "model": "my_queue.entry",
  "pk": 216,
  "fields": {
    "name": "C1",
    "queue": 11,
    "business": 4,
    "tracking_code": null,
    "time_in": "2024-11-03T08:28:43Z",
    "time_out": "2024-11-03T08:28:55Z",
    "status": "completed"
  }
},
{
  "model": "my_queue.entry",
  "pk": 217,
  "fields": {
    "name": "D1",
    "queue": 12,
    "business": 4,
    "tracking_code": null,
    "time_in": "2024-11-03T04:28:45Z",
    "time_out": "2024-11-03T04:28:57Z",
    "status": "completed"
  }
},
{
  "model": "my_queue.entry",
  "pk": 218,
  "fields": {
    "name": "D2",
    "queue": 12,
    "business": 4,
    "tracking_code": null,
    "time_in": "2024-11-03T10:28:46Z",
    "time_out": "2024-11-03T10:28:58Z",
    "status": "completed"
  }
},
{
  "model": "my_queue.entry",
  "pk": 219,
  "fields": {
    "name": "C1",
    "queue": 11,
    "business": 4,
    "tracking_code": null,
    "time_in": "2024-10-28T05:32:41Z",
    "time_out": "2024-10-28T05:32:46Z",
    "status": "completed"
  }
},
{
  "model": "my_queue.entry",
  "pk": 220,
  "fields": {
    "name": "C2",
    "queue": 11,
    "business": 4,
    "tracking_code": null,
    "time_in": "2024-10-28T09:32:42Z",
    "time_out": "2024-10-28T09:32:47Z",
    "status": "completed"
  }
},
{
  "model": "my_queue.entry",
  "pk": 221,
  "fields": {
    "name": "C3",
    "queue": 11,
    "business": 4,
    "tracking_code": null,
    "time_in": "2024-10-28T11:32:44Z",
    "time_out": "2024-10-28T11:32:48Z",
    "status": "completed"
  }
},
{
  "model": "my_queue.entry",
  "pk": 222,
  "fields": {
    "name": "A1",
    "queue": 9,
    "business": 4,
    "tracking_code": null,
    "time_in": "2024-10-29T05:36:24Z",
    "time_out": "2024-10-29T05:36:31Z",
    "status": "completed"
  }
},
{
  "model": "my_queue.entry",
  "pk": 223,
  "fields": {
    "name": "A2",
    "queue": 9,
    "business": 4,
    "tracking_code": null,
    "time_in": "2024-10-29T07:36:25Z",
    "time_out": "2024-10-29T07:36:32Z",
    "status": "completed"
  }
},
{
  "model": "my_queue.entry",
  "pk": 224,
  "fields": {
    "name": "B1",
    "queue": 10,
    "business": 4,
    "tracking_code": null,
    "time_in": "2024-10-29T03:36:28Z",
    "time_out": "2024-10-29T03:36:34Z",
    "status": "completed"
  }
},
{
  "model": "my_queue.entry",
  "pk": 225,
  "fields": {
    "name": "B1",
    "queue": 10,
    "business": 4,
    "tracking_code": null,
    "time_in": "2024-10-30T13:37:59Z",
    "time_out": "2024-10-30T13:38:05Z",
    "status": "completed"
  }
},
{
  "model": "my_queue.entry",
  "pk": 226,
  "fields": {
    "name": "C1",
    "queue": 11,
    "business": 4,
    "tracking_code": null,
    "time_in": "2024-10-30T13:38:02Z",
    "time_out": "2024-10-30T13:38:06Z",
    "status": "completed"
  }
},
{
  "model": "my_queue.entry",
  "pk": 227,
  "fields": {
    "name": "A1",
    "queue": 9,
    "business": 4,
    "tracking_code": null,
    "time_in": "2024-10-31T08:44:44Z",
    "time_out": "2024-10-31T08:44:48Z",
    "status": "completed"
  }
},
{
  "model": "my_queue.entry",
  "pk": 228,
  "fields": {
    "name": "A2",
    "queue": 9,
    "business": 4,
    "tracking_code": null,
    "time_in": "2024-10-31T08:44:45Z",
    "time_out": "2024-10-31T08:44:49Z",
    "status": "completed"
  }
},
{
  "model": "my_queue.entry",
  "pk": 229,
  "fields": {
    "name": "A3",
    "queue": 9,
    "business": 4,
    "tracking_code": null,
    "time_in": "2024-10-31T09:44:46Z",
    "time_out": "2024-10-31T09:44:50Z",
    "status": "completed"
  }
},
{
  "model": "my_queue.entry",
  "pk": 230,
  "fields": {
    "name": "D1",
    "queue": 12,
    "business": 4,
    "tracking_code": null,
    "time_in": "2024-11-01T10:46:17Z",
    "time_out": "2024-11-01T10:46:21Z",
    "status": "completed"
  }
},
{
  "model": "my_queue.entry",
  "pk": 231,
  "fields": {
    "name": "D2",
    "queue": 12,
    "business": 4,
    "tracking_code": null,
    "time_in": "2024-11-01T12:46:18Z",
    "time_out": "2024-11-01T12:46:22Z",
    "status": "completed"
  }
},
{
  "model": "my_queue.entry",
  "pk": 232,
  "fields": {
    "name": "D3",
    "queue": 12,
    "business": 4,
    "tracking_code": null,
    "time_in": "2024-11-01T13:46:18Z",
    "time_out": "2024-11-01T13:46:23Z",
    "status": "completed"
  }
},
{
  "model": "my_queue.entry",
  "pk": 233,
  "fields": {
    "name": "D4",
    "queue": 12,
    "business": 4,
    "tracking_code": null,
    "time_in": "2024-11-01T13:46:19Z",
    "time_out": "2024-11-01T13:46:24Z",
    "status": "completed"
  }
},
{
  "model": "my_queue.entry",
  "pk": 234,
  "fields": {
    "name": "C1",
    "queue": 11,
    "business": 4,
    "tracking_code": null,
    "time_in": "2024-11-02T03:47:49Z",
    "time_out": "2024-11-02T03:48:01Z",
    "status": "completed"
  }
},
{
  "model": "my_queue.entry",
  "pk": 235,
  "fields": {
    "name": "C2",
    "queue": 11,
    "business": 4,
    "tracking_code": null,
    "time_in": "2024-11-02T03:47:50Z",
    "time_out": "2024-11-02T03:48:02Z",
    "status": "completed"
  }
},
{
  "model": "my_queue.entry",
  "pk": 236,
  "fields": {
    "name": "C3",
    "queue": 11,
    "business": 4,
    "tracking_code": null,
    "time_in": "2024-11-02T10:47:51Z",
    "time_out": "2024-11-02T10:48:03Z",
    "status": "completed"
  }
},
{
  "model": "my_queue.entry",
  "pk": 237,
  "fields": {
    "name": "B1",
    "queue": 10,
    "business": 4,
    "tracking_code": null,
    "time_in": "2024-11-02T04:47:53Z",
    "time_out": "2024-11-02T04:47:58Z",
    "status": "completed"
  }
},
{
  "model": "my_queue.entry",
  "pk": 238,
  "fields": {
    "name": "B2",
    "queue": 10,
    "business": 4,
    "tracking_code": null,
    "time_in": "2024-11-02T05:47:55Z",
    "time_out": "2024-11-02T05:47:59Z",
    "status": "completed"
  }
},
{
  "model": "my_queue.entry",
  "pk": 239,
  "fields": {
    "name": "B1",
    "queue": 10,
    "business": 4,
    "tracking_code": null,
    "time_in": "2024-11-10T03:58:58Z",
    "time_out": "2024-11-10T03:59:07Z",
    "status": "completed"
  }
},
{
  "model": "my_queue.entry",
  "pk": 240,
  "fields": {
    "name": "B2",
    "queue": 10,
    "business": 4,
    "tracking_code": null,
    "time_in": "2024-11-10T05:58:59Z",
    "time_out": "2024-11-10T05:59:08Z",
    "status": "completed"
  }
},
{
  "model": "my_queue.entry",
  "pk": 241,
  "fields": {
    "name": "A1",
    "queue": 9,
    "business": 4,
    "tracking_code": null,
    "time_in": "2024-11-10T12:59:01Z",
    "time_out": "2024-11-09T12:59:06Z",
    "status": "completed"
  }
},
{
  "model": "my_queue.entry",
  "pk": 242,
  "fields": {
    "name": "C1",
    "queue": 11,
    "business": 4,
    "tracking_code": null,
    "time_in": "2024-11-10T10:59:03Z",
    "time_out": "2024-11-10T10:59:09Z",
    "status": "completed"
  }
},
{
  "model": "my_queue.entry",
  "pk": 243,
  "fields": {
    "name": "A1",
    "queue": 9,
    "business": 4,
    "tracking_code": null,
    "time_in": "2024-10-28T08:08:12Z",
    "time_out": "2024-10-28T08:08:18Z",
    "status": "completed"
  }
},
{
  "model": "my_queue.entry",
  "pk": 244,
  "fields": {
    "name": "A2",
    "queue": 9,
    "business": 4,
    "tracking_code": null,
    "time_in": "2024-10-28T08:08:13Z",
    "time_out": "2024-10-28T08:08:19Z",
    "status": "completed"
  }
},
{
  "model": "my_queue.entry",
  "pk": 245,
  "fields": {
    "name": "D1",
    "queue": 12,
    "business": 4,
    "tracking_code": null,
    "time_in": "2024-10-29T05:09:15Z",
    "time_out": "2024-10-29T05:09:17Z",
    "status": "completed"
  }
},
{
  "model": "my_queue.entry",
  "pk": 246,
  "fields": {
    "name": "C1",
    "queue": 11,
    "business": 4,
    "tracking_code": null,
    "time_in": "2024-10-30T03:09:44Z",
    "time_out": "2024-10-30T03:09:47Z",
    "status": "completed"
  }
},
{
  "model": "my_queue.entry",
  "pk": 247,
  "fields": {
    "name": "C2",
    "queue": 11,
    "business": 4,
    "tracking_code": null,
    "time_in": "2024-10-30T10:09:45Z",
    "time_out": "2024-10-30T10:09:48Z",
    "status": "completed"
  }
},
{
  "model": "my_queue.entry",
  "pk": 248,
  "fields": {
    "name": "B1",
    "queue": 10,
    "business": 4,
    "tracking_code": null,
    "time_in": "2024-10-31T06:10:31Z",
    "time_out": "2024-10-31T06:10:33Z",
    "status": "completed"
  }
},
{
  "model": "my_queue.entry",
  "pk": 249,
  "fields": {
    "name": "B1",
    "queue": 10,
    "business": 4,
    "tracking_code": null,
    "time_in": "2024-11-01T04:10:58Z",
    "time_out": "2024-11-01T04:11:02Z",
    "status": "completed"
  }
},
{
  "model": "my_queue.entry",
  "pk": 250,
  "fields": {
    "name": "B2",
    "queue": 10,
    "business": 4,
    "tracking_code": null,
    "time_in": "2024-11-01T05:10:59Z",
    "time_out": "2024-11-01T05:11:04Z",
    "status": "completed"
  }
},
{
  "model": "my_queue.entry",
  "pk": 251,
  "fields": {
    "name": "C1",
    "queue": 11,
    "business": 4,
    "tracking_code": null,
    "time_in": "2024-11-09T14:11:01.325Z",
    "time_out": "2024-11-09T14:11:05.739Z",
    "status": "completed"
  }
},
{
  "model": "my_queue.entry",
  "pk": 252,
  "fields": {
    "name": "A1",
    "queue": 9,
    "business": 4,
    "tracking_code": null,
    "time_in": "2024-11-02T07:12:36Z",
    "time_out": "2024-11-02T07:12:40Z",
    "status": "completed"
  }
},
{
  "model": "my_queue.entry",
  "pk": 253,
  "fields": {
    "name": "A2",
    "queue": 9,
    "business": 4,
    "tracking_code": null,
    "time_in": "2024-11-02T07:12:37Z",
    "time_out": "2024-11-02T07:12:41Z",
    "status": "completed"
  }
},
{
  "model": "my_queue.entry",
  "pk": 254,
  "fields": {
    "name": "A3",
    "queue": 9,
    "business": 4,
    "tracking_code": null,
    "time_in": "2024-11-02T12:12:37Z",
    "time_out": "2024-11-02T12:12:42Z",
    "status": "completed"
  }
},
{
  "model": "my_queue.entry",
  "pk": 255,
  "fields": {
    "name": "A4",
    "queue": 9,
    "business": 4,
    "tracking_code": null,
    "time_in": "2024-11-02T14:12:38Z",
    "time_out": "2024-11-02T14:12:43Z",
    "status": "completed"
  }
},
{
  "model": "my_queue.entry",
  "pk": 256,
  "fields": {
    "name": "B1",
    "queue": 10,
    "business": 4,
    "tracking_code": "dj5yiu0taj",
    "time_in": "2024-11-09T14:13:53.148Z",
    "time_out": null,
    "status": "waiting"
  }
}
]
